File Name;Song Title;Author;Genre
"Greta Van Fleet - Highway Tune.mp3";Highway Tune;Greta Van Fleet;Rock
"Bryson Tiller - Run Me Dry.mp3";Run Me Dry;Bryson Tiller;R&B/Soul
"Billie Holiday - I'll Be Seeing You.mp3";I'll Be Seeing You;Billie Holiday;Jazz
"Matisyahu - One Day (feat. Akon).mp3";One Day (feat. Akon);Matisyahu;Reggae
"Dustin Lynch - Small Town Boy.mp3";Small Town Boy;Dustin Lynch;Country
"Doug E. Fresh, Slick Rick - La-Di-Da-Di.mp3";La-Di-Da-Di;Doug E. Fresh, Slick Rick;Hip-hop- Rap
"NEEDTOBREATHE - Hard Love (feat. Lauren Daigle).mp3";Hard Love (feat. Lauren Daigle);NEEDTOBREATHE;Rock
"Debbie Gibson - Lost In Your Eyes.mp3";Lost In Your Eyes;Debbie Gibson;Pop
"Walter Trout - We're All In This Together (feat. Joe Bonamassa).mp3";We're All In This Together (feat. Joe Bonamassa);Walter Trout;Blues
"Jacquees - B.E.D. (Remix) [feat. Ty Dolla $ign & Quavo].mp3";B.E.D. (Remix) [feat. Ty Dolla $ign & Quavo];Jacquees;R&B/Soul
"N.Y. State of Mind - Nas.mp3";Nas;N.Y. State of Mind;Hip-hop- Rap
"Ella Fitzgerald, Louis Armstrong - Dream a Little Dream of Me (Single Version).mp3";Dream a Little Dream of Me (Single Version);Ella Fitzgerald, Louis Armstrong;Jazz
"Passin' Me By - The Pharcyde.mp3";The Pharcyde;Passin' Me By;Hip-hop- Rap
"Dustin Lynch - Love Me or Leave Me Alone (feat. Karen Fairchild).mp3";Love Me or Leave Me Alone (feat. Karen Fairchild);Dustin Lynch;Country
"Joe Bonamassa - Dust Bowl.mp3";Dust Bowl;Joe Bonamassa;Blues
"Metallica - One.mp3";One;Metallica;Rock
"Daniel Caesar - Best Part (feat. H.E.R.).mp3";Best Part (feat. H.E.R.);Daniel Caesar;R&B/Soul
"Lizz Wright - Seems I'm Never Tired Lovin' You.mp3";Seems I’m Never Tired Lovin’ You;Lizz Wright;Jazz
"James Ingram, Patti Austin, Quincy Jones - Baby, Come to Me.mp3";Baby, Come to Me;James Ingram, Patti Austin, Quincy Jones;Jazz
"Kid Cudi - Pursuit Of Happiness (Steve Aoki Remix).mp3";Pursuit Of Happiness (Steve Aoki Remix);Kid Cudi;Electronic
"Luke Bryan - Light It Up.mp3";Light It Up;Luke Bryan;Country
"Mindi Abair, the Boneshakers - Pretty Good for a Girl (feat. Joe Bonamassa).mp3";Pretty Good for a Girl (feat. Joe Bonamassa);Mindi Abair, the Boneshakers;Blues
"Metallica - Enter Sandman.mp3";Enter Sandman;Metallica;Rock
"Seth MacFarlane - If I Had a Talking Picture of You (feat. Norah Jones).mp3";If I Had a Talking Picture of You (feat. Norah Jones);Seth MacFarlane;Jazz
"Bob Marley, The Wailers - No Woman, No Cry (Live 1975).mp3";No Woman, No Cry (Live 1975);Bob Marley, The Wailers;Reggae
"2 Chainz - It's a Vibe (feat. Ty Dolla $ign, Trey Songz & Jhene Aiko).mp3";It's a Vibe (feat. Ty Dolla $ign, Trey Songz & Jhené Aiko);2 Chainz;Hip-hop- Rap
"Tom Petty - Free Fallin'.mp3";Free Fallin';Tom Petty;Rock
"Mel Waiters - Hole In the Wall.mp3";Hole In the Wall;Mel Waiters;Blues
"Florida Georgia Line - May We All (feat. Tim McGraw).mp3";May We All (feat. Tim McGraw);Florida Georgia Line;Country
"Ed Sheeran - Shape of You.mp3";Shape of You;Ed Sheeran;Pop
"George Benson - This Masquerade.mp3";This Masquerade;George Benson;Jazz
"Alina Baraz - Lavender and Velvet.mp3";Lavender and Velvet;Alina Baraz;Electronic
"Louis Armstrong, Ella Fitzgerald - Summertime.mp3";Summertime;Louis Armstrong, Ella Fitzgerald;Jazz
"Khalid - 8TEEN.mp3";8TEEN;Khalid;R&B/Soul
"The Symphony - Marley Marl feat. Master Ace, Craig G., Kool G. Rap, Big Da.mp3";Marley Marl feat. Master Ace, Craig G., Kool G. Rap, Big Da;The Symphony;Hip-hop- Rap
"Jonny Lang - Signs.mp3";Signs;Jonny Lang;Blues
"Porter Robinson, Madeon - Shelter (Slushii Remix).mp3";Shelter (Slushii Remix);Porter Robinson, Madeon;Electronic
"All That Remains - The Thunder Rolls (Cover).mp3";The Thunder Rolls (Cover);All That Remains;Rock
"Thomas Rhett - Unforgettable.mp3";Unforgettable;Thomas Rhett;Country
"George Benson - On Broadway.mp3";On Broadway;George Benson;Jazz
"Benny Goodman, Benny Goodman, His Orchestra - Sing, Sing, Sing.mp3";Sing, Sing, Sing;Benny Goodman, Benny Goodman, His Orchestra;Jazz
"Dr. Dre, Snoop Doggy Dogg - Nuthin' but a 'G' Thang.mp3";Nuthin' but a 'G' Thang;Dr. Dre, Snoop Doggy Dogg;Hip-hop- Rap
"Sam Hunt - Body Like a Back Road.mp3";Body Like a Back Road;Sam Hunt;Country
"Rebel Souljahz - Spaceship.mp3";Spaceship;Rebel Souljahz;Reggae
"Jonny Lang - Make It Move.mp3";Make It Move;Jonny Lang;Blues
"Rob Base, DJ E-Z Rock - It Takes Two.mp3";It Takes Two;Rob Base, DJ E-Z Rock;Hip-hop- Rap
"Andra Day - Rise Up.mp3";Rise Up;Andra Day;R&B/Soul
"C2C - Down the Road.mp3";Down the Road;C2C;Electronic
"Alan Jackson - The Older I Get.mp3";The Older I Get;Alan Jackson;Country
"Otis Taylor - Ten Million Slaves.mp3";Ten Million Slaves;Otis Taylor;Blues
"Ed Sheeran - Galway Girl.mp3";Galway Girl;Ed Sheeran;Pop
"4 Non Blondes - What's Up.mp3";What's Up;4 Non Blondes;Rock
"Eric Prydz - Opus (Four Tet Remix).mp3";Opus (Four Tet Remix);Eric Prydz;Electronic
"Queen - Don't Stop Me Now.mp3";Don't Stop Me Now;Queen;Rock
"Bon Jovi - Livin' On a Prayer.mp3";Livin' On a Prayer;Bon Jovi;Rock
"K. Michelle - Either Way (feat. Chris Brown).mp3";Either Way (feat. Chris Brown);K. Michelle;R&B/Soul
"UB40 - Red Red Wine (12'' Version).mp3";Red Red Wine (12'' Version);UB40;Reggae
"EPMD - Strictly Business.mp3";Strictly Business;EPMD;Hip-hop- Rap
"Evanescence - Imperfection.mp3";Imperfection;Evanescence;Rock
"Gary Moore - Still Got the Blues.mp3";Still Got the Blues;Gary Moore;Blues
"Popcaan - Family.mp3";Family;Popcaan;Reggae
"Bring the Noise - Public Enemy.mp3";Public Enemy;Bring the Noise;Hip-hop- Rap
"Kranium - Can't Believe (feat. Ty Dolla $ign & WizKid).mp3";Can't Believe (feat. Ty Dolla $ign & WizKid);Kranium;Reggae
"Brett Young - Like I Loved You.mp3";Like I Loved You;Brett Young;Country
"Jessie J - Think About That.mp3";Think About That;Jessie J;R&B/Soul
"Kenny G - Songbird.mp3";Songbird;Kenny G;Jazz
"Tank - When We.mp3";When We;Tank;R&B/Soul
"Muddy Waters - Mannish Boy.mp3";Mannish Boy;Muddy Waters;Blues
"Electric Light Orchestra - Mr. Blue Sky.mp3";Mr. Blue Sky;Electric Light Orchestra;Rock
"NGHTMRE, Loudpvck - Click Clack.mp3";Click Clack;NGHTMRE, Loudpvck;Electronic
"Ducky - Work.mp3";Work;Ducky;Electronic
"Kenny Wayne Shepherd Band - Diamonds & Gold.mp3";Diamonds & Gold;Kenny Wayne Shepherd Band;Blues
"U2 - You're the Best Thing About Me.mp3";You’re the Best Thing About Me;U2;Rock
"Kevin Lyttle - Turn Me On.mp3";Turn Me On;Kevin Lyttle;Reggae
"Chris Lane - For Her.mp3";For Her;Chris Lane;Country
"Walter Trout - Gonna Hurt Like Hell (feat. Kenny Wayne Shepherd).mp3";Gonna Hurt Like Hell (feat. Kenny Wayne Shepherd);Walter Trout;Blues
"Fleetwood Mac - The Chain.mp3";The Chain;Fleetwood Mac;Rock
"Jon Pardi - Dirt on My Boots.mp3";Dirt on My Boots;Jon Pardi;Country
"Rebelution - Pretty Lady.mp3";Pretty Lady;Rebelution;Reggae
"Top Billin' - Audio Two.mp3";Audio Two;Top Billin';Hip-hop- Rap
"Prophets of Rage - Living on the 110.mp3";Living on the 110;Prophets of Rage;Rock
"Damian Marley, Nas - Patience.mp3";Patience;Damian Marley, Nas;Reggae
"Phil Collins - In the Air Tonight.mp3";In the Air Tonight;Phil Collins;Rock
"Ky-Mani Marley, Yanique 'Curvy Diva' - Turn Your Lights Down Low.mp3";Turn Your Lights Down Low;Ky-Mani Marley, Yanique 'Curvy Diva';Reggae
"Rhye - Taste.mp3";Taste;Rhye;Electronic
"Krewella - Enjoy the Ride.mp3";Enjoy the Ride;Krewella;Electronic
"99 Problems - Jay Z.mp3";Jay Z;99 Problems;Hip-hop- Rap
"Little Big Town - When Someone Stops Loving You.mp3";When Someone Stops Loving You;Little Big Town;Country
"Canned Heat - Goin' Up the Country.mp3";Goin' Up the Country;Canned Heat;Blues
"Chris Brown - Pills & Automobiles (feat. Yo Gotti, A Boogie wit da Hoodie & Kodak Black).mp3";Pills & Automobiles (feat. Yo Gotti, A Boogie wit da Hoodie & Kodak Black);Chris Brown;R&B/Soul
"Big Poppa - The Notorious B.I.G..mp3";The Notorious B.I.G.;Big Poppa;Hip-hop- Rap
"Mark Ronson - Uptown Funk (feat. Bruno Mars).mp3";Uptown Funk (feat. Bruno Mars);Mark Ronson;Pop
"Miguel - Sky Walker (feat. Travis Scott).mp3";Sky Walker (feat. Travis Scott);Miguel;R&B/Soul
"Miles Davis - So What.mp3";So What;Miles Davis;Jazz
"Mandy Harvey - Try.mp3";Try;Mandy Harvey;Jazz
"Stick Figure - Weight of Sound (feat. TJ O'Neill).mp3";Weight of Sound (feat. TJ O'Neill);Stick Figure;Reggae
"Eminem - Lose Yourself.mp3";Lose Yourself;Eminem;Hip-hop- Rap
"Grace VanderWaal - So Much More Than This.mp3";So Much More Than This;Grace VanderWaal;Pop
"Queen - Another One Bites the Dust.mp3";Another One Bites the Dust;Queen;Rock
"Cashmere Cat - Mirror Maru.mp3";Mirror Maru;Cashmere Cat;Electronic
"Jesus Walks - Kanye West.mp3";Kanye West;Jesus Walks;Hip-hop- Rap
"Bob Marley, The Wailers - Get Up, Stand Up.mp3";Get Up, Stand Up;Bob Marley, The Wailers;Reggae
"Childish Gambino - Redbone.mp3";Redbone;Childish Gambino;R&B/Soul
"Foo Fighters - The Line.mp3";The Line;Foo Fighters;Rock
"AC DC - Highway to Hell.mp3";Highway to Hell;AC DC;Rock
"Las Vegas Big Band - It's Only You That I Love.mp3";It's Only You That I Love;Las Vegas Big Band;Jazz
"Lil Xan - Betrayed.mp3";Betrayed;Lil Xan;Hip-hop- Rap
"Afrojack - Take Over Control (feat. Eva Simons).mp3";Take Over Control (feat. Eva Simons);Afrojack;Electronic
"Run-DMC - Peter Piper.mp3";Peter Piper;Run-DMC;Hip-hop- Rap
"Scott Bradlee's Postmodern Jukebox - Creep (feat. Haley Reinhart).mp3";Creep (feat. Haley Reinhart);Scott Bradlee's Postmodern Jukebox;Jazz
"Iration - Time Bomb.mp3";Time Bomb;Iration;Reggae
"Khalid - American Teen.mp3";American Teen;Khalid;R&B/Soul
"The Adventures of Grandmaster Flash on the Wheels of Steel - Grandmaster Flash and the Furious Five.mp3";Grandmaster Flash and the Furious Five;The Adventures of Grandmaster Flash on the Wheels of Steel;Hip-hop- Rap
"Diplo - Express Yourself (feat. Nicky Da B).mp3";Express Yourself (feat. Nicky Da B);Diplo;Electronic
"Sleepy Tom, Anna Lunoe - Pusher.mp3";Pusher;Sleepy Tom, Anna Lunoe;Electronic
"B.B. King, Eric Clapton - Riding With the King.mp3";Riding With the King;B.B. King, Eric Clapton;Blues
"blackbear - do re mi.mp3";do re mi;blackbear;R&B/Soul
"White Lines (Don't Don't Do It) - Grandmaster and Melle Mel.mp3";Grandmaster and Melle Mel;White Lines (Don't Don't Do It);Hip-hop- Rap
"Disturbed - The Sound of Silence.mp3";The Sound of Silence;Disturbed;Rock
"Dagames - Build Our Machine.mp3";Build Our Machine;Dagames;Electronic
"Evanescence - Bring Me To Life.mp3";Bring Me To Life;Evanescence;Rock
"John Lee Hooker - Boom Boom.mp3";Boom Boom;John Lee Hooker;Blues
"Darius Rucker - Wagon Wheel.mp3";Wagon Wheel;Darius Rucker;Country
"Keb' Mo' - Life Is Beautiful.mp3";Life Is Beautiful;Keb' Mo';Blues
"Kelsea Ballerini - Legends.mp3";Legends;Kelsea Ballerini;Country
"Bobby Caldwell - What You Won't Do for Love.mp3";What You Won't Do for Love;Bobby Caldwell;Jazz
"Miranda Lambert - Tin Man.mp3";Tin Man;Miranda Lambert;Country
"Bebe Rexha, Florida Georgia Line - Meant to Be.mp3";Meant to Be;Bebe Rexha, Florida Georgia Line;Pop
"Jordan Davis - Singles You Up.mp3";Singles You Up;Jordan Davis;Country
"Billy Joel - Piano Man.mp3";Piano Man;Billy Joel;Rock
"Queen, David Bowie - Under Pressure.mp3";Under Pressure;Queen, David Bowie;Rock
"John Legend - All of Me.mp3";All of Me;John Legend;R&B/Soul
"The Beatles - Here Comes the Sun.mp3";Here Comes the Sun;The Beatles;Rock
"Bobby 'Blue' Bland - Ain't No Sunshine When She's Gone.mp3";Ain't No Sunshine When She's Gone;Bobby 'Blue' Bland;Blues
"Chris Brown - Hope You Do.mp3";Hope You Do;Chris Brown;R&B/Soul
"Lil Jon - Outta Your Mind (feat. LMFAO).mp3";Outta Your Mind (feat. LMFAO);Lil Jon;Electronic
"Carnage - Bricks (feat. Migos).mp3";Bricks (feat. Migos);Carnage;Electronic
"Marvin Gaye, Tammi Terrell - Ain't No Mountain High Enough.mp3";Ain't No Mountain High Enough;Marvin Gaye, Tammi Terrell;R&B/Soul
"Chaka Demus, Pliers - Murder She Wrote.mp3";Murder She Wrote;Chaka Demus, Pliers;Reggae
"P.S.K. What Does It Mean - Schoolly D.mp3";Schoolly D;P.S.K. What Does It Mean?;Hip-hop- Rap
"Kane Brown - What Ifs (feat. Lauren Alaina).mp3";What Ifs (feat. Lauren Alaina);Kane Brown;Country
"Kelsea Ballerini - Graveyard.mp3";Graveyard;Kelsea Ballerini;Country
"Kid Rock - Cowboy.mp3";Cowboy;Kid Rock;Rock
"Xscape - Who Can I Run To.mp3";Who Can I Run To;Xscape;R&B/Soul
"Etta James - Stormy Weather.mp3";Stormy Weather;Etta James;Blues
"Herb Alpert, The Tijuana Brass - A Taste of Honey.mp3";A Taste of Honey;Herb Alpert, The Tijuana Brass;Jazz
"Flosstradamus, DJ Sliink - Crowd CTRL.mp3";Crowd CTRL;Flosstradamus, DJ Sliink;Electronic
"Samantha Fish - Runaway.mp3";Runaway;Samantha Fish;Blues
"Ed Sheeran - Perfect.mp3";Perfect;Ed Sheeran;Pop
"Grandmaster Flash, the Furious Five - The Message.mp3";The Message;Grandmaster Flash, the Furious Five;Hip-hop- Rap
"La Roux - In For The Kill (Skrillex Remix).mp3";In For The Kill (Skrillex Remix);La Roux;Electronic
"Damian Jr. Gong Marley - Medication (feat. Stephen Marley).mp3";Medication (feat. Stephen Marley);"Damian ""Jr. Gong"" Marley";Reggae
"Lee Brice - Boy.mp3";Boy;Lee Brice;Country
"Brett Eldredge - The Long Way.mp3";The Long Way;Brett Eldredge;Country
"Gregory Porter - Insanity (feat. Lalah Hathaway).mp3";Insanity (feat. Lalah Hathaway);Gregory Porter;Jazz
"California Love - 2Pac feat. Dr. Dre and Roger Troutman.mp3";2Pac feat. Dr. Dre and Roger Troutman;California Love;Hip-hop- Rap
"Louis Armstrong - A Kiss to Build a Dream On (Single Version).mp3";A Kiss to Build a Dream On (Single Version);Louis Armstrong;Jazz
"George Benson - Turn Your Love Around.mp3";Turn Your Love Around;George Benson;Jazz
"Luis Fonsi, Daddy Yankee - Despacito (feat. Justin Bieber) [Remix].mp3";Despacito (feat. Justin Bieber) [Remix];Luis Fonsi, Daddy Yankee;Pop
"Get Ur Freak On - Missy Elliott.mp3";Missy Elliott;Get Ur Freak On;Hip-hop- Rap
"Common Kings - Take Her.mp3";Take Her;Common Kings;Reggae
"Neil Diamond - Sweet Caroline.mp3";Sweet Caroline;Neil Diamond;Pop
"Grover Washington, Jr. - Just the Two of Us (feat. Bill Withers).mp3";Just the Two of Us (feat. Bill Withers);Grover Washington, Jr.;Jazz
"Dada Life - Kickout the Epic Motherfucker.mp3";Kickout the Epic Motherfucker;Dada Life;Electronic
"Elton John - Rocket Man (I Think It's Going to Be a Long, Long Time).mp3";Rocket Man (I Think It's Going to Be a Long, Long Time);Elton John;Rock
"Taylor Swift - Look What You Made Me Do.mp3";Look What You Made Me Do;Taylor Swift;Pop
"Kid Rock - Tennessee Mountain Top.mp3";Tennessee Mountain Top;Kid Rock;Country
"Herb Alpert, The Tijuana Brass - Spanish Flea.mp3";Spanish Flea;Herb Alpert, The Tijuana Brass;Jazz
"50 Cent - In Da Club.mp3";In Da Club;50 Cent;Hip-hop- Rap
"Glenn Miller, His Orchestra - In the Mood.mp3";In the Mood;Glenn Miller, His Orchestra;Jazz
"QT - Hey QT.mp3";Hey QT;QT;Electronic
"Louis Armstrong - La Vie En Rose (Single Version).mp3";La Vie En Rose (Single Version);Louis Armstrong;Jazz
"Earth, Wind, Fire - September.mp3";September;Earth, Wind, Fire;R&B/Soul
"Molly Johnson - Miss Celie's Blues.mp3";Miss Celie's Blues;Molly Johnson;Jazz
"The Show - Doug E. Fresh and the Get Fresh Crew,.mp3";Doug E. Fresh and the Get Fresh Crew,;The Show;Hip-hop- Rap
"Thomas Rhett - Life Changes.mp3";Life Changes;Thomas Rhett;Country
"Beastie Boys - Paul Revere.mp3";Paul Revere;Beastie Boys;Hip-hop- Rap
"Highly Suspect - Little One.mp3";Little One;Highly Suspect;Rock
"Beth Hart - Love Is a Lie.mp3";Love Is a Lie;Beth Hart;Blues
"Skrillex - Scary Monsters and Nice Sprites.mp3";Scary Monsters and Nice Sprites;Skrillex;Electronic
"Electric Light Orchestra - Livin' Thing.mp3";Livin' Thing;Electric Light Orchestra;Rock
"Demi Lovato - Sorry Not Sorry.mp3";Sorry Not Sorry;Demi Lovato;Pop
"Khalid - Location.mp3";Location;Khalid;R&B/Soul
"Cupid - Cupid Shuffle.mp3";Cupid Shuffle;Cupid;R&B/Soul
"TroyBoi - Afterhours (feat. Diplo & Nina Sky).mp3";Afterhours (feat. Diplo & Nina Sky);TroyBoi;Electronic
"Keith Urban - Blue Ain't Your Color.mp3";Blue Ain't Your Color;Keith Urban;Country
"Mat Zo, Porter Robinson - Easy.mp3";Easy;Mat Zo, Porter Robinson;Electronic
"Craig Mack, Rampage, the Notorious B.I.G., LL Cool J, Busta Rhymes - Flava in Ya Ear (Remix).mp3";Flava in Ya Ear (Remix);Craig Mack, Rampage,  the Notorious B.I.G.,   LL Cool J,  Busta Rhymes;Hip-hop- Rap
"The Bloody Beetroots - Warp 1.9 (feat. Steve Aoki).mp3";Warp 1.9 (feat. Steve Aoki);The Bloody Beetroots;Electronic
"Damian 'Jr. Gong' Marley - Road to Zion.mp3";Road to Zion;Damian 'Jr. Gong' Marley;Reggae
"FloRida - My House.mp3";My House;FloRida;Hip-hop- Rap
"Guns N' Roses - November Rain.mp3";November Rain;Guns N' Roses;Rock
"Calvin Harris - Let's Go (feat. Ne-Yo).mp3";Let's Go (feat. Ne-Yo);Calvin Harris;Electronic
"Kid Rock - Sugar Pie Honey Bunch.mp3";Sugar Pie Honey Bunch;Kid Rock;Country
"LANCO - Greatest Love Story.mp3";Greatest Love Story;LANCO;Country
"Blake Shelton - I'll Name the Dogs.mp3";I'll Name the Dogs;Blake Shelton;Country
"Eric B., Rakim - Paid in Full.mp3";Paid in Full;Eric B., Rakim;Hip-hop- Rap
"Taylor Swift - ...Ready For It .mp3";...Ready For It?;Taylor Swift;Pop
"The Weeknd - Can't Feel My Face.mp3";Can't Feel My Face;The Weeknd;R&B/Soul
"Jonny Lang - Stronger Together.mp3";Stronger Together;Jonny Lang;Blues
"Luke Combs - Hurricane.mp3";Hurricane;Luke Combs;Country
"AC DC - Thunderstruck.mp3";Thunderstruck;AC DC;Rock
"Matisyahu - King Without a Crown.mp3";King Without a Crown;Matisyahu;Reggae
"RL Grime, What So Not - Tell Me.mp3";Tell Me;RL Grime, What So Not;Electronic
"Dylan Scott - My Girl.mp3";My Girl;Dylan Scott;Country
"Whitney Houston - I Wanna Dance with Somebody (Who Loves Me).mp3";I Wanna Dance with Somebody (Who Loves Me);Whitney Houston;R&B/Soul
"Run-DMC - Sucker M.C.'s.mp3";Sucker M.C.'s;Run-DMC;Hip-hop- Rap
"Nat King Cole - L-O-V-E.mp3";L-O-V-E;Nat King Cole;Jazz
"2Pac - Dear Mama.mp3";Dear Mama;2Pac;Hip-hop- Rap
"David Guetta - Without You (feat. Usher).mp3";Without You (feat. Usher);David Guetta;Electronic
"Boney James - Tick Tock.mp3";Tick Tock;Boney James;Jazz
"Flume - Never Be Like You (feat. Kai).mp3";Never Be Like You (feat. Kai);Flume;Electronic
"Guns N' Roses - Welcome to the Jungle.mp3";Welcome to the Jungle;Guns N' Roses;Rock
"Florida Georgia Line - H.O.L.Y..mp3";H.O.L.Y.;Florida Georgia Line;Country
"Calvin Harris, Rihanna - We Found Love.mp3";We Found Love;Calvin Harris, Rihanna;Electronic
"Swedish House Mafia - Don't You Worry Child (feat. John Martin).mp3";Don't You Worry Child (feat. John Martin);Swedish House Mafia;Electronic
"Eagles - Hotel California.mp3";Hotel California;Eagles;Rock
"Bob Marley, The Wailers - Is This Love.mp3";Is This Love;Bob Marley, The Wailers;Reggae
"Sabrina Claudio - Frozen.mp3";Frozen;Sabrina Claudio;R&B/Soul
"Iration - Fly with Me.mp3";Fly with Me;Iration;Reggae
"Quinn Sullivan - Something for Me.mp3";Something for Me;Quinn Sullivan;Blues
"blackbear - Idfc.mp3";Idfc;blackbear;R&B/Soul
"Tim McGraw - Humble and Kind.mp3";Humble and Kind;Tim McGraw;Country
"Stevie Wonder - As.mp3";As;Stevie Wonder;R&B/Soul
"Kygo, Selena Gomez - It Ain't Me.mp3";It Ain't Me;Kygo, Selena Gomez;Pop
"Johnnie Taylor - Soul Heaven.mp3";Soul Heaven;Johnnie Taylor;Blues
"Niall Horan - Too Much to Ask.mp3";Too Much to Ask;Niall Horan;Pop
"Lynyrd Skynyrd - Free Bird.mp3";Free Bird;Lynyrd Skynyrd;Rock
"Joe Bonamassa - Black Lung Heartache.mp3";Black Lung Heartache;Joe Bonamassa;Blues
"Jacquees - B.E.D..mp3";B.E.D.;Jacquees;R&B/Soul
"Cheat Codes - No Promises (feat. Demi Lovato).mp3";No Promises (feat. Demi Lovato);Cheat Codes;Pop
"Dua Lipa - New Rules.mp3";New Rules;Dua Lipa;Pop
"Midland - Drinkin' Problem.mp3";Drinkin' Problem;Midland;Country
"Foo Fighters - Run.mp3";Run;Foo Fighters;Rock
"Samantha Fish - Chills & Fever.mp3";Chills & Fever;Samantha Fish;Blues
"That's the Joint - Funky 4 + 1.mp3";Funky 4 + 1;That's the Joint;Hip-hop- Rap
"Old Dominion - No Such Thing as a Broken Heart.mp3";No Such Thing as a Broken Heart;Old Dominion;Country
"blackbear - do re mi (feat. Gucci Mane).mp3";do re mi (feat. Gucci Mane);blackbear;R&B/Soul
"Tony Bennett - (I Left My Heart) In San Francisco.mp3";(I Left My Heart) In San Francisco;Tony Bennett;Jazz
"N.W.A - Fuck tha Police.mp3";Fuck tha Police;N.W.A;Hip-hop- Rap
"Chris Stapleton - Broken Halos.mp3";Broken Halos;Chris Stapleton;Country
"N.W.A - Straight Outta Compton.mp3";Straight Outta Compton;N.W.A;Hip-hop- Rap
"J Boog - Let's Do It Again.mp3";Let's Do It Again;J Boog;Reggae
"Pete Rock, C.L. Smooth - They Reminisce Over You (T.R.O.Y.).mp3";They Reminisce Over You (T.R.O.Y.);Pete Rock, C.L. Smooth;Hip-hop- Rap
"Annie LeBlanc - Ordinary Girl.mp3";Ordinary Girl;Annie LeBlanc;Pop
"Push It - Salt-N-Pepa.mp3";Salt-N-Pepa;Push It;Hip-hop- Rap
"Thomas Rhett - Marry Me.mp3";Marry Me;Thomas Rhett;Country
"B.B. King, U2 - When Love Comes to Town.mp3";When Love Comes to Town;B.B. King, U2;Blues
"The Killers - Mr. Brightside.mp3";Mr. Brightside;The Killers;Rock
"DeeWunn - Mek It Bunx Up (feat. Marcy Chin).mp3";Mek It Bunx Up (feat. Marcy Chin);DeeWunn;Reggae
"The Blues Brothers - Soul Man.mp3";Soul Man;The Blues Brothers;Blues
"Lady Gaga - Million Reasons.mp3";Million Reasons;Lady Gaga;Pop
"Rustie - First Mythz.mp3";First Mythz;Rustie;Electronic
"TLC - No Scrubs.mp3";No Scrubs;TLC;R&B/Soul
"Carnage - I Like Tuh (feat. iLoveMakonnen).mp3";I Like Tuh (feat. iLoveMakonnen);Carnage;Electronic
"Shook Ones (Part II) - Mobb Deep.mp3";Mobb Deep;Shook Ones (Part II);Hip-hop- Rap
"The Notorious B.I.G. - Hypnotize.mp3";Hypnotize;The Notorious B.I.G.;Hip-hop- Rap
"Theory of a Deadman - Rx.mp3";Rx;Theory of a Deadman;Rock
"Richard Elliot - Summer Madness.mp3";Summer Madness;Richard Elliot;Jazz
"Flux Pavilion - Bass Cannon.mp3";Bass Cannon;Flux Pavilion;Electronic
"Popcaan - Bad Yuh Bad.mp3";Bad Yuh Bad;Popcaan;Reggae
"Prophets of Rage - Unfuck the World.mp3";Unfuck the World;Prophets of Rage;Rock
"John Coltrane, Duke Ellington - In a Sentimental Mood.mp3";In a Sentimental Mood;John Coltrane, Duke Ellington;Jazz
"Old Dominion - Written in the Sand.mp3";Written in the Sand;Old Dominion;Country
"B.O.B. - Outkast.mp3";Outkast;B.O.B.;Hip-hop- Rap
"Jon Pardi - Heartache on the Dance Floor.mp3";Heartache on the Dance Floor;Jon Pardi;Country
"Canned Heat - On the Road Again.mp3";On the Road Again;Canned Heat;Blues
"Post Malone - Congratulations (feat. Quavo).mp3";Congratulations (feat. Quavo);Post Malone;Hip-hop- Rap
"AC DC - Hells Bells.mp3";Hells Bells;AC DC;Rock
"Rusko - Woo Boost.mp3";Woo Boost;Rusko;Electronic
"Maroon 5 - What Lovers Do (feat. SZA).mp3";What Lovers Do (feat. SZA);Maroon 5;Pop
"BTS - Go Go.mp3";Go Go;BTS;Pop
"Rebelution - Lay My Claim.mp3";Lay My Claim;Rebelution;Reggae
"Jonny Lang - Still Rainin'.mp3";Still Rainin';Jonny Lang;Blues
"Matisyahu - One Day.mp3";One Day;Matisyahu;Reggae
"The Temptations - My Girl.mp3";My Girl;The Temptations;R&B/Soul
"Rebelution - Ordinary Girl.mp3";Ordinary Girl;Rebelution;Reggae
"JhenT Aiko - While We're Young.mp3";While We're Young;Jhené Aiko;R&B/Soul
"R.L. Burnside - Someday Baby.mp3";Someday Baby;R.L. Burnside;Blues
"Scotty McCreery - Five More Minutes.mp3";Five More Minutes;Scotty McCreery;Country
"Madeon - Finale.mp3";Finale;Madeon;Electronic
"Damian Jr. Gong Marley - Welcome to Jamrock.mp3";Welcome to Jamrock;"Damian ""Jr. Gong"" Marley";Reggae
"Real Life - Send Me an Angel.mp3";Send Me an Angel;Real Life;Electronic
"Jake Paul - It's Everyday Bro (feat. Team 10).mp3";It's Everyday Bro (feat. Team 10);Jake Paul;Pop
"Herb Alpert, The Tijuana Brass - This Guy's in Love with You.mp3";This Guy's in Love with You;Herb Alpert, The Tijuana Brass;Jazz
"Nickelback - Rockstar.mp3";Rockstar;Nickelback;Rock
"Waka Flocka Flame - Hard in Da Paint (Bellizio Remix) (Crizzly Edit).mp3";Hard in Da Paint (Bellizio Remix) (Crizzly Edit);Waka Flocka Flame;Electronic
"Kid Rock - Picture (feat. Sheryl Crow).mp3";Picture (feat. Sheryl Crow);Kid Rock;Rock
"The Weeknd - Earned It (Fifty Shades of Grey).mp3";Earned It (Fifty Shades of Grey);The Weeknd;R&B/Soul
"Lady Antebellum - You Look Good.mp3";You Look Good;Lady Antebellum;Country
"Bob Marley, The Wailers - Redemption Song.mp3";Redemption Song;Bob Marley, The Wailers;Reggae
"Lizz Wright - Southern Nights.mp3";Southern Nights;Lizz Wright;Jazz
"Chuck Berry - Route 66.mp3";Route 66;Chuck Berry;Blues
"Kesha - Woman (feat. The Dap-Kings Horns).mp3";Woman (feat. The Dap-Kings Horns);Kesha;Pop
"Bob Marley, The Wailers - Three Little Birds.mp3";Three Little Birds;Bob Marley, The Wailers;Reggae
"Feeling Good -Nina Simone.mp3";Feeling Good;Nina Simone;Jazz
"Andy Grammer - Smoke Clears.mp3";Smoke Clears;Andy Grammer;Pop
"4 Non Blondes - What's Up.mp3";What's Up?;4 Non Blondes;Rock
"Collie Buddz - Come Around.mp3";Come Around;Collie Buddz;Reggae
"Maren Morris - I Could Use a Love Song.mp3";I Could Use a Love Song;Maren Morris;Country
"A Tribe Called Quest, Leaders of the New School - Scenario.mp3";Scenario;A Tribe Called Quest, Leaders of the New School;Hip-hop- Rap
"Guns N' Roses - Sweet Child O' Mine.mp3";Sweet Child O' Mine;Guns N' Roses;Rock
"Peking Duk - High (feat. Nicole Millar).mp3";High (feat. Nicole Millar);Peking Duk;Electronic
"Robert Johnson - Cross Road Blues.mp3";Cross Road Blues;Robert Johnson;Blues
"Grace VanderWaal - Moonlight.mp3";Moonlight;Grace VanderWaal;Pop
"Bob Marley, The Wailers - Jamming.mp3";Jamming;Bob Marley, The Wailers;Reggae
"Brett Young - In Case You Didn't Know.mp3";In Case You Didn't Know;Brett Young;Country
"Etta James - A Sunday Kind of Love.mp3";A Sunday Kind of Love;Etta James;Blues
"Frank Sinatra - Young At Heart.mp3";Young At Heart;Frank Sinatra;Jazz
"Elvis Presley - Can't Help Falling In Love.mp3";Can't Help Falling In Love;Elvis Presley;Rock
"Sevyn Streeter - Before I Do.mp3";Before I Do;Sevyn Streeter;R&B/Soul
"Miguel - Shockandawe.mp3";Shockandawe;Miguel;Pop
"Blake Shelton - At the House.mp3";At the House;Blake Shelton;Country
"The Weeknd - Reminder.mp3";Reminder;The Weeknd;R&B/Soul
"Eric Church - Round Here Buzz.mp3";Round Here Buzz;Eric Church;Country
"CNCO, Little Mix - Reggaeton Lento (Remix).mp3";Reggaeton Lento (Remix);CNCO, Little Mix;Pop
"P!nk - What About Us.mp3";What About Us;P!nk;Pop
"Stan Getz & Joao Gilberto - The Girl from Ipanema.mp3";The Girl from Ipanema;Stan Getz & Joao Gilberto;Jazz
"Shawn Mendes - There's Nothing Holdin' Me Back.mp3";There's Nothing Holdin' Me Back;Shawn Mendes;Pop
"Walker Hayes - You Broke Up with Me.mp3";You Broke Up with Me;Walker Hayes;Country
"Buddy Guy - Feels Like Rain.mp3";Feels Like Rain;Buddy Guy;Blues
"Iration - Falling.mp3";Falling;Iration;Reggae
"Vybz Kartel - Fever.mp3";Fever;Vybz Kartel;Reggae
"Little Big Town - Better Man.mp3";Better Man;Little Big Town;Country
"Sean Paul - Tek Weh Yuh Heart (feat. Tory Lanez).mp3";Tek Weh Yuh Heart (feat. Tory Lanez);Sean Paul;Reggae
"Shaggy - Angel (feat. Rayvon).mp3";Angel (feat. Rayvon);Shaggy;Reggae
"deadmau5 - Raise Your Weapon.mp3";Raise Your Weapon;deadmau5;Electronic
"Kansas - Carry On Wayward Son.mp3";Carry On Wayward Son;Kansas;Rock
"Duck Sauce - Barbra Streisand.mp3";Barbra Streisand;Duck Sauce;Electronic
"Dillon Francis, Diplo - Que Que (feat. Maluca).mp3";Que Que (feat. Maluca);Dillon Francis, Diplo;Electronic
"Samantha Fish - Hello Stranger.mp3";Hello Stranger;Samantha Fish;Blues
"Stan - Eminem feat. Dido,.mp3";Eminem feat. Dido,;Stan;Hip-hop- Rap
"Bob Marley - Turn Your Lights Down Low (Interpolation of Lovin You).mp3";Turn Your Lights Down Low (Interpolation of Lovin You);Bob Marley;Reggae
"Julia Michaels - Issues.mp3";Issues;Julia Michaels;Pop
"Metallica - Nothing Else Matters.mp3";Nothing Else Matters;Metallica;Rock
"Scott Joplin - The Entertainer.mp3";The Entertainer;Scott Joplin;Jazz
"Pink Floyd - Wish You Were Here.mp3";Wish You Were Here;Pink Floyd;Rock
"BTS - Best of Me.mp3";Best of Me;BTS;Pop
"Granger Smith - Happens Like That.mp3";Happens Like That;Granger Smith;Country
"Sam Cooke - Mean Old World.mp3";Mean Old World;Sam Cooke;R&B/Soul
"Eli-Mac - Mr Sensi.mp3";Mr Sensi;Eli-Mac;Reggae
"Miles Davis - Round Midnight.mp3";Round Midnight;Miles Davis;Jazz
"Tony Bennett & Lady Gaga - Winter Wonderland.mp3";Winter Wonderland;Tony Bennett & Lady Gaga;Jazz
"Konshens - Bruk Off Yuh Back.mp3";Bruk Off Yuh Back;Konshens;Reggae
"Hailee Steinfeld - Most Girls.mp3";Most Girls;Hailee Steinfeld;Pop
"Charlie Puth - Attention.mp3";Attention;Charlie Puth;Pop
"ZAYN - Dusk Till Dawn (feat. Sia).mp3";Dusk Till Dawn (feat. Sia);ZAYN;Pop
"Kelly Clarkson - Move You.mp3";Move You;Kelly Clarkson;Pop
"Etta James - At Last.mp3";At Last;Etta James;Blues
"Kelly Clarkson - Love So Soft.mp3";Love So Soft;Kelly Clarkson;Pop
"Nero - Dark Skies.mp3";Dark Skies;Nero;Electronic
"Kavinsky - Nightcall.mp3";Nightcall;Kavinsky;Electronic
"Baauer - GoGo!.mp3";GoGo!;Baauer;Electronic
"The Rolling Stones - Just Your Fool.mp3";Just Your Fool;The Rolling Stones;Blues
"The Louisiana Blues Brothas - My Sidepiece (feat. Pokey & Major Clark Jr.).mp3";My Sidepiece (feat. Pokey & Major Clark Jr.);The Louisiana Blues Brothas;Blues
"Toto - Africa.mp3";Africa;Toto;Rock
"Sammy Johnson - Sleepwalker.mp3";Sleepwalker;Sammy Johnson;Reggae
"SZA - The Weekend.mp3";The Weekend;SZA;R&B/Soul
"Michael Kiwanuka - Cold Little Heart.mp3";Cold Little Heart;Michael Kiwanuka;R&B/Soul
"BTS - Outro- Her.mp3";Outro- Her;BTS;Pop
"It Was a Good Day - Ice Cube.mp3";Ice Cube;It Was a Good Day;Hip-hop- Rap
"Sean Paul - Tek Weh Yuh Heart (Audio) ft.mp3";Sean Paul - Tek Weh Yuh Heart (Audio) ft.mp3";Sean Paul;Reggae
"Justice - D.A.N.C.E..mp3";D.A.N.C.E.;Justice;Electronic
"Quincy Jones - Just Once.mp3";Just Once;Quincy Jones;Jazz
"Louis Armstrong - What a Wonderful World.mp3";What a Wonderful World;Louis Armstrong;Jazz
"Kesha - Praying.mp3";Praying;Kesha;Pop
"George Benson - Give Me the Night.mp3";Give Me the Night;George Benson;Jazz
"AC DC - You Shook Me All Night Long.mp3";You Shook Me All Night Long;AC DC;Rock
"The Weeknd - The Hills.mp3";The Hills;The Weeknd;R&B/Soul
"Taj Mahal, Keb' Mo' - Don't Leave Me Here.mp3";Don't Leave Me Here;Taj Mahal, Keb' Mo';Blues
"Frank Sinatra - My Way.mp3";My Way;Frank Sinatra;Jazz
"Queen - We Are the Champions.mp3";We Are the Champions;Queen;Rock
"Scott Bradlee's Postmodern Jukebox - Seven Nation Army (feat. Haley Reinhart).mp3";Seven Nation Army (feat. Haley Reinhart);Scott Bradlee's Postmodern Jukebox;Jazz
"Toni Braxton - Deadwood.mp3";Deadwood;Toni Braxton;R&B/Soul
"Wu-Tang Clan - C.R.E.A.M..mp3";C.R.E.A.M.;Wu-Tang Clan;Hip-hop- Rap
"Farrah Abraham - The Phone Call that Changed My Life.mp3";The Phone Call that Changed My Life;Farrah Abraham;Electronic
"Seth MacFarlane - Almost Like Being In Love.mp3";Almost Like Being In Love;Seth MacFarlane;Jazz
"Chris Brown - Party (feat. Gucci Mane & Usher).mp3";Party (feat. Gucci Mane & Usher);Chris Brown;R&B/Soul
"Van Morrison - Transformation.mp3";Transformation;Van Morrison;Blues
"Joe Bonamassa - Slow Train.mp3";Slow Train;Joe Bonamassa;Blues
"Kenny Wayne Shepherd Band - Baby Got Gone.mp3";Baby Got Gone;Kenny Wayne Shepherd Band;Blues
"Wolfgang Gartner - Illmerica.mp3";Illmerica;Wolfgang Gartner;Electronic
"Hundred Waters - Show Me Love (Skrillex Remix) (feat. Chance The Rapper, Moses Sumney and Robin Hannibal).mp3";Show Me Love (Skrillex Remix) (feat. Chance The Rapper, Moses Sumney and Robin Hannibal);Hundred Waters;Electronic
"Kenny Wayne Shepherd Band - Nothing But the Night.mp3";Nothing But the Night;Kenny Wayne Shepherd Band;Blues
"Porter Robinson - Sad Machine.mp3";Sad Machine;Porter Robinson;Electronic
"Jessie Reyez - Figures.mp3";Figures;Jessie Reyez;R&B/Soul
"BTS - Pied Piper.mp3";Pied Piper;BTS;Pop
"Aidonia - Yeah Yeah.mp3";Yeah Yeah;Aidonia;Reggae
"Gabbie Hanna - Out Loud.mp3";Out Loud;Gabbie Hanna;Pop
"Maysa - Love Is a Battlefield.mp3";Love Is a Battlefield;Maysa;Jazz
"Brad Paisley - Last Time for Everything.mp3";Last Time for Everything;Brad Paisley;Country
"Common Kings - Cali Girl (feat. Don Corleon).mp3";Cali Girl (feat. Don Corleon);Common Kings;Reggae
"Sister Nancy - Bam Bam.mp3";Bam Bam;Sister Nancy;Reggae
"Clarence Carter - Slip Away.mp3";Slip Away;Clarence Carter;Blues
"Montgomery Gentry - Better Me.mp3";Better Me;Montgomery Gentry;Country
"Alicia Keys - If I Ain't Got You.mp3";If I Ain't Got You;Alicia Keys;R&B/Soul
"Thomas Rhett - Die a Happy Man.mp3";Die a Happy Man;Thomas Rhett;Country
"Bruno Mars - 24K Magic.mp3";24K Magic;Bruno Mars;Pop
"BTS - Intro- Serendipity.mp3";Intro- Serendipity;BTS;Pop
"B.B. King - The Thrill Is Gone (1969 Single Version).mp3";The Thrill Is Gone (1969 Single Version);B.B. King;Blues
"Neil Young - Old Man.mp3";Old Man;Neil Young;Rock
"Justin Bieber - Beauty and a Beat (feat. Nicki Minaj).mp3";Beauty and a Beat (feat. Nicki Minaj);Justin Bieber;Electronic
"Joe Bonamassa, Beth Hart - I'd Rather Go Blind.mp3";I'd Rather Go Blind;Joe Bonamassa, Beth Hart;Blues
"Bruno Mars - That's What I Like.mp3";That’s What I Like;Bruno Mars;Pop
"Lil Uzi Vert - Sauce It Up.mp3";Sauce It Up;Lil Uzi Vert;Hip-hop- Rap
"Nina Simone - Feeling Good.mp3";Feeling Good;Nina Simone;Jazz
"Bob Marley, The Wailers - I Shot the Sheriff.mp3";I Shot the Sheriff;Bob Marley, The Wailers;Reggae
"Etta James - At Last (Single Version).mp3";At Last (Single Version);Etta James;Blues
"Leon Bridges - River.mp3";River;Leon Bridges;R&B/Soul
"Carly Pearce - Every Little Thing.mp3";Every Little Thing;Carly Pearce;Country
"P!nk - What About Us (Cash Cash Remix).mp3";What About Us (Cash Cash Remix);P!nk;Pop
"Brothers Osborne - It Ain't My Fault.mp3";It Ain't My Fault;Brothers Osborne;Country
"Jay Z, UGK - Big Pimpin'.mp3";Big Pimpin';Jay Z, UGK;Hip-hop- Rap
"Popcaan - El Chapo.mp3";El Chapo;Popcaan;Reggae
"Nick Jonas - Find You.mp3";Find You;Nick Jonas;Pop
"Bob Marley, The Wailers - Could You Be Loved.mp3";Could You Be Loved;Bob Marley, The Wailers;Reggae
"Luke Combs - When It Rains It Pours.mp3";When It Rains It Pours;Luke Combs;Country
"Bobby McFerrin - Don't Worry Be Happy.mp3";Don't Worry Be Happy;Bobby McFerrin;Jazz
"Marilyn Manson - WE KNOW WHERE YOU FUCKING LIVE.mp3";WE KNOW WHERE YOU FUCKING LIVE;Marilyn Manson;Rock
"Stick Figure - Sound of the Sea.mp3";Sound of the Sea;Stick Figure;Reggae
"George Benson - Breezin'.mp3";Breezin';George Benson;Jazz
"Stone Sour - Song #3.mp3";Song #3;Stone Sour;Rock
"My Name Is - Eminem.mp3";Eminem;My Name Is;Hip-hop- Rap
"Niall Horan - Slow Hands.mp3";Slow Hands;Niall Horan;Pop
"BTS - MIC Drop.mp3";MIC Drop;BTS;Pop
"Khalid - Location (Remix) [feat. Lil Wayne & Kehlani].mp3";Location (Remix) [feat. Lil Wayne & Kehlani];Khalid;R&B/Soul
"Xscape - Understanding.mp3";Understanding;Xscape;R&B/Soul
"Billy Currington - Do I Make You Wanna.mp3";Do I Make You Wanna;Billy Currington;Country
"Susan Tedeschi - Angel from Montgomery (Live).mp3";Angel from Montgomery (Live);Susan Tedeschi;Blues
"Eric B., Rakim - I Know You Got Soul.mp3";I Know You Got Soul;Eric B., Rakim;Hip-hop- Rap
"blackbear & Tinashe - up in this.mp3";up in this;blackbear & Tinashe;R&B/Soul
"The Notorious B.I.G. - Juicy.mp3";Juicy;The Notorious B.I.G.;Hip-hop- Rap
"Lafayette Gilchrist - Assume the Position.mp3";Assume the Position;Lafayette Gilchrist;Jazz
"Sam Smith - Nothing Left for You.mp3";Nothing Left for You;Sam Smith;Pop
"Rebelution - Feeling Alright.mp3";Feeling Alright;Rebelution;Reggae
"Eilen Jewell - It's Your Voodoo Working.mp3";It's Your Voodoo Working;Eilen Jewell;Blues
"Beth Hart - Fire on the Floor.mp3";Fire on the Floor;Beth Hart;Blues
"TNGHT - Higher Ground.mp3";Higher Ground;TNGHT;Electronic
"Khalid - Coaster.mp3";Coaster;Khalid;R&B/Soul
"Major Lazer, DJ Snake - Lean On (feat. MO).mp3";Lean On (feat. MØ);Major Lazer, DJ Snake;Electronic
"Marshmello - Alone.mp3";Alone;Marshmello;Electronic
"Mitch King - Coming Back.mp3";Coming Back;Mitch King;Blues
"LOCASH - Ring on Every Finger.mp3";Ring on Every Finger;LOCASH;Country
"Tom Browne - Funkin' for Jamaica.mp3";Funkin' for Jamaica;Tom Browne;Jazz
"Nat King Cole - When I Fall In Love.mp3";When I Fall In Love;Nat King Cole;Jazz
"Hugh Masekela - Grazing in the Grass.mp3";Grazing in the Grass;Hugh Masekela;Jazz
"Kelsea Ballerini - Get Over Yourself.mp3";Get Over Yourself;Kelsea Ballerini;Country
"Britney Spears - Till the World Ends.mp3";Till the World Ends;Britney Spears;Electronic
"Devin Dawson - All on Me.mp3";All on Me;Devin Dawson;Country
"Keith Urban - The Fighter (feat. Carrie Underwood).mp3";The Fighter (feat. Carrie Underwood);Keith Urban;Country
"Chris Janson - Fix a Drink.mp3";Fix a Drink;Chris Janson;Country
"AC DC - Back In Black.mp3";Back In Black;AC DC;Rock
"G-Eazy - No Limit (feat. A$AP Rocky & Cardi B).mp3";No Limit (feat. A$AP Rocky & Cardi B);G-Eazy;Hip-hop- Rap
"Savoy Brown - Close to Midnight.mp3";Close to Midnight;Savoy Brown;Blues
"Pixies - Here Comes Your Man.mp3";Here Comes Your Man;Pixies;Rock
"Fozzy - Judas.mp3";Judas;Fozzy;Rock
"Dorothy Moore - Misty Blue.mp3";Misty Blue;Dorothy Moore;Blues
"Kane Brown - Found You.mp3";Found You;Kane Brown;Country
"I Prevail - Alone.mp3";Alone;I Prevail;Rock
"Fleetwood Mac - Landslide.mp3";Landslide;Fleetwood Mac;Rock
"Khalid - Saved.mp3";Saved;Khalid;R&B/Soul
"Chris Brown - Privacy.mp3";Privacy;Chris Brown;R&B/Soul
"Chris Young - Losing Sleep.mp3";Losing Sleep;Chris Young;Country
"Hold It, Now Hit It - Beastie Boys.mp3";Beastie Boys;Hold It, Now Hit It;Hip-hop- Rap
"Jonny Lang - Lie to Me.mp3";Lie to Me;Jonny Lang;Blues
"Canned Heat - Let's Work Together.mp3";Let's Work Together;Canned Heat;Blues
"Public Enemy - Rebel Without a Pause.mp3";Rebel Without a Pause;Public Enemy;Hip-hop- Rap
"Vybz Kartel - All Aboard.mp3";All Aboard;Vybz Kartel;Reggae
"Grindin - Clipse.mp3";Clipse;Grindin;Hip-hop- Rap
"Tony Bennett - Fly Me to the Moon.mp3";Fly Me to the Moon;Tony Bennett;Jazz
"Journey - Don't Stop Believin'.mp3";Don't Stop Believin';Journey;Rock
"Bob Marley, The Wailers - Buffalo Soldier.mp3";Buffalo Soldier;Bob Marley, The Wailers;Reggae
"Herb Alpert - Rise.mp3";Rise;Herb Alpert;Jazz
"Ini Kamoze - Here Comes the Hotstepper.mp3";Here Comes the Hotstepper;Ini Kamoze;Reggae
"Jason Aldean - They Don't Know.mp3";They Don't Know;Jason Aldean;Country
"Trombone Shorty - Here Come the Girls.mp3";Here Come the Girls;Trombone Shorty;Jazz
"Lady Gaga - The Cure.mp3";The Cure;Lady Gaga;Pop
"Kodak Black - Roll in Peace (feat. XXXTENTACION).mp3";Roll in Peace (feat. XXXTENTACION);Kodak Black;Hip-hop- Rap
"Hotel Garuda - Dancing On the Moon (feat. Lemaitre).mp3";Dancing On the Moon (feat. Lemaitre);Hotel Garuda;Electronic
"South Bronx - Boogie Down Productions.mp3";Boogie Down Productions;South Bronx;Hip-hop- Rap
"Etta James - All I Could Do Was Cry.mp3";All I Could Do Was Cry;Etta James;Blues
"Kip Moore - More Girls Like You.mp3";More Girls Like You;Kip Moore;Country
"Usher - Yeah! (feat. Lil Jon & Ludacris).mp3";Yeah! (feat. Lil Jon & Ludacris);Usher;R&B/Soul
