File Name;Song Title;Author;Year
"Louis Armstrong - A Kiss to Build a Dream On (Single Version).mp3";A Kiss to Build a Dream On (Single Version);Louis Armstrong;1951
"TLC - Creep.mp3";Creep;TLC;1995
"All-4-One - I Swear.mp3";I Swear;All-4-One;1994
"Emotions - Best Of My Love.mp3";Best Of My Love;Emotions;1977
"Bryan Adams - (Everything I Do) I Do It For You.mp3";(Everything I Do) I Do It For You;Bryan Adams;1991
"Thomas Rhett - Craving You (feat. Maren Morris).mp3";Craving You (feat. Maren Morris);Thomas Rhett;2017
"Nancy Sinatra , Frank Sinatra - Somethin' Stupid.mp3";Somethin' Stupid;Nancy Sinatra , Frank Sinatra;1967
"Bing Crosby, Carmen Cavallaro - I Can't Begin to Tell You.mp3";I Can't Begin to Tell You;Bing Crosby, Carmen Cavallaro;1945
"Etta James - A Sunday Kind of Love.mp3";A Sunday Kind of Love;Etta James;1960
"The Glenn Miller Orchestra - Careless.mp3";Careless;The Glenn Miller Orchestra;1940
"Village Stompers - Washington Square.mp3";Washington Square;Village Stompers;1963
"Barbra Streisand - Love Theme From A Star Is Born.mp3";"Love Theme From ""A Star Is Born""";Barbra Streisand;1977
"Etta James - All I Could Do Was Cry.mp3";All I Could Do Was Cry;Etta James;1960
"Miracles - Love Machine (Part 1).mp3";Love Machine (Part 1);Miracles;1976
"Chicago - Hard To Say I'm Sorry.mp3";Hard To Say I'm Sorry;Chicago;1982
"Khalid - Coaster.mp3";Coaster;Khalid;2016
"Katy Perry - I Kissed A Girl.mp3";I Kissed A Girl;Katy Perry;2008
"Dick Haymes - Little White Lies.mp3";Little White Lies;Dick Haymes;1948
"Joe - I Wanna Know.mp3";I Wanna Know;Joe;2000
"Gregory Abbott - Shake You Down.mp3";Shake You Down;Gregory Abbott;1987
"Black Eyed Peas - Boom Boom Pow.mp3";Boom Boom Pow;Black Eyed Peas;2009
"Snow - Informer.mp3";Informer;Snow;1993
"Keri Hilson feat. Kanye West, Ne-Yo - Knock You Down.mp3";Knock You Down;Keri Hilson feat. Kanye West, Ne-Yo;2009
"Freezy - Split in Di Middle.mp3";Split in Di Middle;Freezy;2017
"Calling - Wherever You Will Go.mp3";Wherever You Will Go;Calling;2002
"Benny Goodman, Benny Goodman, His Orchestra - Sing, Sing, Sing.mp3";Sing, Sing, Sing;Benny Goodman, Benny Goodman, His Orchestra;2000
"Nelly, Kelly Rowland - Dilemma.mp3";Dilemma;Nelly, Kelly Rowland;2002
"Klymaxx - I Miss You.mp3";I Miss You;Klymaxx;1986
"Ke$ha - TiK ToK.mp3";TiK ToK;Ke$ha;2010
"Katy Perry - Wide Awake.mp3";Wide Awake;Katy Perry;2012
"Alicia Keys - No One.mp3";No One;Alicia Keys;2008
"Herbie Hancock - Rockit.mp3";Rockit;Herbie Hancock;1973
"Elton John, Kiki Dee - Don't Go Breaking My Heart.mp3";Don't Go Breaking My Heart;Elton John, Kiki Dee;1976
"Rebelution - Roots Reggae Music (feat. Don Carlos).mp3";Roots Reggae Music (feat. Don Carlos);Rebelution;2006
"Canned Heat - On the Road Again.mp3";On the Road Again;Canned Heat;2005
"Joan Jett, The Blackhearts - I Love Rock N' Roll.mp3";I Love Rock N' Roll;Joan Jett, The Blackhearts;1982
"Bob Marley, The Wailers - Redemption Song.mp3";Redemption Song;Bob Marley, The Wailers;1980
"Chris Brown - Pills & Automobiles (feat. Yo Gotti, A Boogie wit da Hoodie & Kodak Black).mp3";Pills & Automobiles (feat. Yo Gotti, A Boogie wit da Hoodie & Kodak Black);Chris Brown;2017
"Kesha - Praying.mp3";Praying;Kesha;2017
"Vera Lynn - Auf Wiederseh'n, Sweetheart.mp3";Auf Wiederseh'n, Sweetheart;Vera Lynn;1952
"Nat King Cole - When I Fall In Love.mp3";When I Fall In Love;Nat King Cole;1988
"Andy Gibb - I Just Want To Be Your Everything.mp3";I Just Want To Be Your Everything;Andy Gibb;1977
"Bone Thugs-N-Harmony - Tha Crossroads.mp3";Tha Crossroads;Bone Thugs-N-Harmony;1996
"The Glenn Miller Orchestra - (I've Got a Gal In) Kalamazoo.mp3";(I've Got a Gal In) Kalamazoo;The Glenn Miller Orchestra;1942
"Patti Page - I Went To Your Wedding.mp3";I Went To Your Wedding;Patti Page;1952
"Perry Como - Catch A Falling Star - Magic Moments.mp3";Catch A Falling Star - Magic Moments;Perry Como;1958
"P!nk - What About Us (Cash Cash Remix).mp3";What About Us (Cash Cash Remix);P!nk;2017
"Bob Marley, The Wailers - Jamming.mp3";Jamming;Bob Marley, The Wailers;1977
"Prophets of Rage - Living on the 110.mp3";Living on the 110;Prophets of Rage;2017
"Thomas Rhett - Marry Me.mp3";Marry Me;Thomas Rhett;2017
"Baauer - GoGo!.mp3";GoGo!;Baauer;2015
"REO Speedwagon - Keep On Loving You.mp3";Keep On Loving You;REO Speedwagon;1981
"McGuire Sisters - Sincerely.mp3";Sincerely;McGuire Sisters;1955
"Usher - Yeah! (feat. Lil Jon & Ludacris).mp3";Yeah! (feat. Lil Jon & Ludacris);Usher;2004
"Lizz Wright - Seems I’m Never Tired Lovin’ You.mp3";Seems I’m Never Tired Lovin’ You;Lizz Wright;2017
"Wilson Phillips - Hold On.mp3";Hold On;Wilson Phillips;1990
"Johnny Mercer, Jo Stafford - Candy.mp3";Candy;Johnny Mercer, Jo Stafford;1945
"B.B. King - The Thrill Is Gone (1969 Single Version).mp3";The Thrill Is Gone (1969 Single Version);B.B. King;1969
"Johnny Mercer - Ac-Cent-Tchu-Ate the Positive.mp3";Ac-Cent-Tchu-Ate the Positive;Johnny Mercer;1945
"The Weeknd - Starboy (feat. Daft Punk).mp3";Starboy (feat. Daft Punk);The Weeknd;2016
"Surface - The First Time.mp3";The First Time;Surface;1991
"Bruno Mars - That’s What I Like.mp3";That’s What I Like;Bruno Mars;2016
"LeAnn Rimes - How Do I Live.mp3";How Do I Live;LeAnn Rimes;1998
"R. Kelly - I Believe I Can Fly.mp3";I Believe I Can Fly;R. Kelly;1997
"Joe feat. Mystikal - Stutter.mp3";Stutter;Joe feat. Mystikal;2001
"Ben E. King - Stand By Me.mp3";Stand By Me;Ben E. King;1961
"Temptations - My Girl.mp3";My Girl;Temptations;1965
"George Benson - Give Me the Night.mp3";Give Me the Night;George Benson;1980
"T-Pain, Yung Joc - Buy U A Drank (Shawty Snappin').mp3";Buy U A Drank (Shawty Snappin');T-Pain, Yung Joc;2007
"LMFAO - Sexy And I Know It.mp3";Sexy And I Know It;LMFAO;2012
"Ginuwine - Pony.mp3";Pony;Ginuwine;1996
"Mariah Carey - Hero.mp3";Hero;Mariah Carey;1994
"Vaughn Monroe - Riders In The Sky.mp3";Riders In The Sky;Vaughn Monroe;1949
"Eddie Murphy - Party All The Time.mp3";Party All The Time;Eddie Murphy;1986
"Kid Rock - Picture (feat. Sheryl Crow).mp3";Picture (feat. Sheryl Crow);Kid Rock;2001
"Canned Heat - Goin' Up the Country.mp3";Goin' Up the Country;Canned Heat;1973
"Jim Croce - Bad Bad Leroy Brown.mp3";Bad Bad Leroy Brown;Jim Croce;1973
"Seth MacFarlane - If I Had a Talking Picture of You (feat. Norah Jones).mp3";If I Had a Talking Picture of You (feat. Norah Jones);Seth MacFarlane;2017
"Bill Hayes - The Ballad Of Davy Crockett.mp3";The Ballad Of Davy Crockett;Bill Hayes;1955
"Mariah Carey - Always Be My Baby.mp3";Always Be My Baby;Mariah Carey;1996
"Miles Davis - So What.mp3";So What;Miles Davis;1959
"Frank Sinatra - Fly Me to the Moon.mp3";Fly Me to the Moon;Frank Sinatra;2011
"Florida Georgia Line - May We All (feat. Tim McGraw).mp3";May We All (feat. Tim McGraw);Florida Georgia Line;2016
"The Glenn Miller Orchestra - The Woodpecker Song.mp3";The Woodpecker Song;The Glenn Miller Orchestra;1940
"Macklemore, Ryan Lewis, Ray Dalton - Can't Hold Us.mp3";Can't Hold Us;Macklemore, Ryan Lewis, Ray Dalton;2013
"Mark Dinning - Teen Angel.mp3";Teen Angel;Mark Dinning;1960
"Bob Marley, The Wailers - Three Little Birds.mp3";Three Little Birds;Bob Marley, The Wailers;1977
"Tex Williams - Smoke, Smoke, Smoke That Cigarette.mp3";Smoke, Smoke, Smoke That Cigarette;Tex Williams;1947
"Khalid - 8TEEN.mp3";8TEEN;Khalid;2017
"Paul McCartney - Coming Up.mp3";Coming Up;Paul McCartney;1980
"Kay Starr - Rock And Roll Waltz.mp3";Rock And Roll Waltz;Kay Starr;1956
"Kane Brown - Found You.mp3";Found You;Kane Brown;2017
"Popcaan - Bad Yuh Bad.mp3";Bad Yuh Bad;Popcaan;2017
"Ace Of Base - Don't Turn Around.mp3";Don't Turn Around;Ace Of Base;1994
"Freda Payne - Band Of Gold.mp3";Band Of Gold;Freda Payne;1970
"Brett Eldredge - The Long Way.mp3";The Long Way;Brett Eldredge;2017
"Hundred Waters - Show Me Love (Skrillex Remix) (feat. Chance The Rapper, Moses Sumney and Robin Hannibal).mp3";Show Me Love (Skrillex Remix) (feat. Chance The Rapper, Moses Sumney and Robin Hannibal);Hundred Waters;2016
"Al Green - Let's Stay Together.mp3";Let's Stay Together;Al Green;1972
"Billie Holiday - I'll Be Seeing You.mp3";I'll Be Seeing You;Billie Holiday;1965
"Boyz II Men - On Bended Knee.mp3";On Bended Knee;Boyz II Men;1995
"Box Tops - The Letter.mp3";The Letter;Box Tops;1967
"Edwin Starr - War.mp3";War;Edwin Starr;1970
"Young Money feat. Lloyd - Bedrock.mp3";Bedrock;Young Money feat. Lloyd;2010
"Sammy Kaye - Harbor Lights.mp3";Harbor Lights;Sammy Kaye;1950
"Herb Alpert, The Tijuana Brass - This Guy's in Love with You.mp3";This Guy's in Love with You;Herb Alpert, The Tijuana Brass;1962
"Bob Marley, The Wailers - Buffalo Soldier.mp3";Buffalo Soldier;Bob Marley, The Wailers;1983
"Bob Marley, The Wailers - No Woman, No Cry (Live 1975).mp3";No Woman, No Cry (Live 1975);Bob Marley, The Wailers;1975
"Brett Young - In Case You Didn't Know.mp3";In Case You Didn't Know;Brett Young;2016
"Gotye, Kimbra - Somebody That I Used To Know.mp3";Somebody That I Used To Know;Gotye, Kimbra;2012
"BTS - MIC Drop.mp3";MIC Drop;BTS;2017
"Bon Jovi - Livin' On A Prayer.mp3";Livin' On A Prayer;Bon Jovi;1987
"Jessie J - Think About That.mp3";Think About That;Jessie J;2017
"LMFAO, Lauren Bennett, GoonRock - Party Rock Anthem.mp3";Party Rock Anthem;LMFAO, Lauren Bennett, GoonRock;2011
"Lafayette Gilchrist - Assume the Position.mp3";Assume the Position;Lafayette Gilchrist;2013
"Kay Starr - Wheel Of Fortune.mp3";Wheel Of Fortune;Kay Starr;1952
"John Cougar - Hurts So Good.mp3";Hurts So Good;John Cougar;1982
"Neil Diamond - Sweet Caroline.mp3";Sweet Caroline;Neil Diamond;1969
"Timmy T - One More Try.mp3";One More Try;Timmy T;1991
"Skrillex - Breathe (Krewella Vocal Edit).mp3";Breathe (Krewella Vocal Edit);Skrillex;2011
"Aidonia - Yeah Yeah.mp3";Yeah Yeah;Aidonia;2017
"Highly Suspect - Little One.mp3";Little One;Highly Suspect;2016
"Wilbert Harrison - Kansas City.mp3";Kansas City;Wilbert Harrison;1959
"Jimmy Jones - Handy Man.mp3";Handy Man;Jimmy Jones;1960
"Harry James, His Orchestra - I'll Get by (As Long As I Have You).mp3";I'll Get by (As Long As I Have You);Harry James, His Orchestra;1944
"Jon Pardi - Heartache on the Dance Floor.mp3";Heartache on the Dance Floor;Jon Pardi;2016
"Brad Paisley - Last Time for Everything.mp3";Last Time for Everything;Brad Paisley;2017
"Nothing More - Go to War.mp3";Go to War;Nothing More;2017
"Michael Jackson - Rock With You.mp3";Rock With You;Michael Jackson;1980
"Louis Armstrong, Ella Fitzgerald - Summertime.mp3";Summertime;Louis Armstrong, Ella Fitzgerald;1957
"Prince - When Doves Cry.mp3";When Doves Cry;Prince;1984
"The Weeknd - Earned It (Fifty Shades of Grey).mp3";Earned It (Fifty Shades of Grey);The Weeknd;2015
"John Lennon - (Just Like) Starting Over.mp3";(Just Like) Starting Over;John Lennon;1981
"Mac Davis - One Hell Of A Woman.mp3";One Hell Of A Woman;Mac Davis;1974
"Staind - It's Been Awhile.mp3";It's Been Awhile;Staind;2001
"Dustin Lynch - Love Me or Leave Me Alone (feat. Karen Fairchild).mp3";Love Me or Leave Me Alone (feat. Karen Fairchild);Dustin Lynch;2017
"James Arthur - Say You Won't Let Go.mp3";Say You Won't Let Go;James Arthur;2016
"Vaughn Monroe - I Wish I Didn't Love You So.mp3";I Wish I Didn't Love You So;Vaughn Monroe;1947
"Common Kings - Cali Girl (feat. Don Corleon).mp3";Cali Girl (feat. Don Corleon);Common Kings;2017
"Farrah Abraham - The Phone Call that Changed My Life.mp3";The Phone Call that Changed My Life;Farrah Abraham;2012
"Men At Work - Down Under.mp3";Down Under;Men At Work;1983
"Aaron Neville - Tell It Like It Is.mp3";Tell It Like It Is;Aaron Neville;2007
"Tracy Chapman - Give Me One Reason.mp3";Give Me One Reason;Tracy Chapman;1996
"Savage Garden - Truly Madly Deeply.mp3";Truly Madly Deeply;Savage Garden;1998
"Gary Moore - Still Got the Blues.mp3";Still Got the Blues;Gary Moore;1990
"Scotty McCreery - Five More Minutes.mp3";Five More Minutes;Scotty McCreery;2017
"BTS - dimple.mp3";dimple;BTS;2017
"Commodores - Three Times A Lady.mp3";Three Times A Lady;Commodores;1978
"Johnny Horton - The Battle Of New Orleans.mp3";The Battle Of New Orleans;Johnny Horton;1959
"J. Geils Band - Centerfold.mp3";Centerfold;J. Geils Band;1982
"Elvis Presley - It's Now Or Never.mp3";It's Now Or Never;Elvis Presley;1960
"Perry Como - No Other Love.mp3";No Other Love;Perry Como;1953
"Frankie Valli - Can't Take My Eyes Off You.mp3";Can't Take My Eyes Off You;Frankie Valli;1967
"UB40 - Can't Help Falling In Love.mp3";Can't Help Falling In Love;UB40;1993
"Kay Kyser, His Orchestra - Jingle Jangle Jingle.mp3";Jingle Jangle Jingle;Kay Kyser, His Orchestra;1942
"Nat King Cole, Natalie Cole - Unforgettable.mp3";Unforgettable;Nat King Cole, Natalie Cole;1951
"Inner Circle - Bad Boys (Theme from COPS).mp3";Bad Boys (Theme from COPS);Inner Circle;1990
"Taylor Swift feat. Kendrick Lamar - Bad Blood.mp3";Bad Blood;Taylor Swift feat. Kendrick Lamar;2015
"Robert Palmer - Addicted To Love.mp3";Addicted To Love;Robert Palmer;1986
"Def Leppard - Pour Some Sugar On Me (2012 Re-Recorded Version).mp3";Pour Some Sugar On Me (2012 Re-Recorded Version);Def Leppard;1987
"Paula Abdul - Rush Rush.mp3";Rush Rush;Paula Abdul;1991
"Herb Alpert - This Guy's In Love With You.mp3";This Guy's In Love With You;Herb Alpert;1968
"Glen Campbell - Rhinestone Cowboy.mp3";Rhinestone Cowboy;Glen Campbell;1975
"Khalid - Location (Remix) [feat. Lil Wayne & Kehlani].mp3";Location (Remix) [feat. Lil Wayne & Kehlani];Khalid;2017
"Rosemary Clooney - Hey There.mp3";Hey There;Rosemary Clooney;1954
"Ella Fitzgerald, Louis Armstrong - Dream a Little Dream of Me (Single Version).mp3";Dream a Little Dream of Me (Single Version);Ella Fitzgerald, Louis Armstrong;1950
"Mark Morrison - Return Of The Mack.mp3";Return Of The Mack;Mark Morrison;1997
"Beatles - She Loves You.mp3";She Loves You;Beatles;1964
"Akon - Don't Matter.mp3";Don't Matter;Akon;2007
"Lumineers - Ho Hey.mp3";Ho Hey;Lumineers;2013
"Mama's , The Papa's - Monday, Monday.mp3";Monday, Monday;Mama's , The Papa's;1966
"4 Non Blondes - What's Up.mp3";What's Up;4 Non Blondes;1992
"Kranium - Can't Believe (feat. Ty Dolla $ign & WizKid).mp3";Can't Believe (feat. Ty Dolla $ign & WizKid);Kranium;2017
"Ciara, Missy Elliott - 1, 2 Step.mp3";1, 2 Step;Ciara, Missy Elliott;2005
"Khalid - Location.mp3";Location;Khalid;2016
"Raiders - Indian Reservation.mp3";Indian Reservation;Raiders;1971
"Bobby Goldsboro - Honey.mp3";Honey;Bobby Goldsboro;1968
"Lady Gaga - Poker Face.mp3";Poker Face;Lady Gaga;2009
"Bobby Vinton - Blue Velvet.mp3";Blue Velvet;Bobby Vinton;1963
"Four Tops - I Can't Help Myself (Sugar Pie Honey Bunch).mp3";I Can't Help Myself (Sugar Pie Honey Bunch);Four Tops;1965
"Tommy Edwards - It's All In The Game.mp3";It's All In The Game;Tommy Edwards;1958
"A Taste Of Honey - Boogie Oogie Oogie.mp3";Boogie Oogie Oogie;A Taste Of Honey;1978
"Usher - U Remind Me.mp3";U Remind Me;Usher;2001
"Tag Team - Whoomp! (There It Is).mp3";Whoomp! (There It Is);Tag Team;1993
"BTS - Pied Piper.mp3";Pied Piper;BTS;2017
"Skeeter Davis - The End Of The World.mp3";The End Of The World;Skeeter Davis;1963
"Ja Rule feat. Ashanti - Always on Time.mp3";Always on Time;Ja Rule feat. Ashanti;2002
"Jennifer Lopez, Ja Rule - I'm Real.mp3";I'm Real;Jennifer Lopez, Ja Rule;2001
"Frank Sinatra - Five Minutes More.mp3";Five Minutes More;Frank Sinatra;1946
"Rita Coolidge - (Your Love Has Lifted Me) Higher And Higher.mp3";(Your Love Has Lifted Me) Higher And Higher;Rita Coolidge;1977
"Toni Braxton - Deadwood.mp3";Deadwood;Toni Braxton;2017
"Carly Simon - You're So Vain.mp3";You're So Vain;Carly Simon;1973
"Perez Prado - Patricia.mp3";Patricia;Perez Prado;1958
"Kenny Nolan - I Like Dreamin'.mp3";I Like Dreamin';Kenny Nolan;1977
"Taylor Swift - Shake It Off.mp3";Shake It Off;Taylor Swift;2014
"Marilyn Manson - WE KNOW WHERE YOU FUCKING LIVE.mp3";WE KNOW WHERE YOU FUCKING LIVE;Marilyn Manson;2017
"Louis Tomlinson - Back to You (feat. Bebe Rexha & Digital Farm Animals).mp3";Back to You (feat. Bebe Rexha & Digital Farm Animals);Louis Tomlinson;2017
"Louis Jordan - G.I. Jive.mp3";G.I. Jive;Louis Jordan;1944
"Miranda Lambert - Tin Man.mp3";Tin Man;Miranda Lambert;2016
"Backstreet Boys - Quit Playing Games (With My Heart).mp3";Quit Playing Games (With My Heart);Backstreet Boys;1997
"Walter Trout - We're All In This Together (feat. Joe Bonamassa).mp3";We're All In This Together (feat. Joe Bonamassa);Walter Trout;2017
"Damian Jr. Gong Marley - Medication (feat. Stephen Marley).mp3";Medication (feat. Stephen Marley);"Damian ""Jr. Gong"" Marley";2017
"Matisyahu - King Without a Crown.mp3";King Without a Crown;Matisyahu;2006
"Lipps, Inc. - Funkytown.mp3";Funkytown;Lipps, Inc.;1980
"Montell Jordan - This Is How We Do It.mp3";This Is How We Do It;Montell Jordan;1995
"Elvis Presley Don't  I Beg Of You 1958.mp3";Don't / I Beg Of You;Elvis Presley;1958
"Perry Como - Till the End of Time.mp3";Till the End of Time;Perry Como;1945
"Celine Dion - Because You Loved Me.mp3";Because You Loved Me;Celine Dion;1996
"Thomas Rhett - Life Changes.mp3";Life Changes;Thomas Rhett;2017
"Wayne Newton - Daddy Don't You Walk So Fast.mp3";Daddy Don't You Walk So Fast;Wayne Newton;1972
"Elton John - Candle In The Wind 1997 - Something About The Way You Look Tonight.mp3";Candle In The Wind 1997 / Something About The Way You Look Tonight;Elton John;1997
"Les Paul, Mary Ford - How High The Moon.mp3";How High The Moon;Les Paul, Mary Ford;1951
"Olivia Newton-John - Magic.mp3";Magic;Olivia Newton-John;1980
"Ray Parker Jr. - Ghostbusters.mp3";Ghostbusters;Ray Parker Jr.;1984
"George Michael - Faith.mp3";Faith;George Michael;1988
"Four Seasons - December, 1963 (Oh, What A Night).mp3";December, 1963 (Oh, What A Night);Four Seasons;1976
"Simon, Garfunkel - Bridge Over Troubled Water.mp3";Bridge Over Troubled Water;Simon, Garfunkel;1970
"Frankie Carle - Rumors Are Flying.mp3";Rumors Are Flying;Frankie Carle;1946
"Jimmy Eat World - The Middle.mp3";The Middle;Jimmy Eat World;2002
"Player - Baby Come Back.mp3";Baby Come Back;Player;1978
"Midland - Drinkin' Problem.mp3";Drinkin' Problem;Midland;2016
"Roy Orbison - Cryin'.mp3";Cryin';Roy Orbison;1961
"Association - Cherish.mp3";Cherish;Association;1966
"Rick Springfield - Jessie's Girl.mp3";Jessie's Girl;Rick Springfield;1981
"U2, Kygo - You're the Best Thing About Me (U2 vs. Kygo).mp3";You're the Best Thing About Me (U2 vs. Kygo);U2, Kygo;2017
"Sam Smith - Too Good at Goodbyes.mp3";Too Good at Goodbyes;Sam Smith;2017
"Del Shannon - Runaway.mp3";Runaway;Del Shannon;1961
"Old Dominion - Written in the Sand.mp3";Written in the Sand;Old Dominion;2017
"Walker Hayes - You Broke Up with Me.mp3";You Broke Up with Me;Walker Hayes;2017
"Rosemary Clooney - Half As Much.mp3";Half As Much;Rosemary Clooney;1952
"Andy Gibb - Shadow Dancing.mp3";Shadow Dancing;Andy Gibb;1978
"Grace VanderWaal - Moonlight.mp3";Moonlight;Grace VanderWaal;2017
"John Legend All Of Me.mp3";All Of Me;John Legend;2014
"The Glenn Miller Orchestra - You and I.mp3";You and I;The Glenn Miller Orchestra;1941
"Madonna - Like A Virgin.mp3";Like A Virgin;Madonna;1985
"U2 - You’re the Best Thing About Me.mp3";You’re the Best Thing About Me;U2;2017
"Kaskade - 4 AM (Adam K and Soha Mix).mp3";4 AM (Adam K and Soha Mix);Kaskade;2008
"Justin Bieber - Beauty and a Beat (feat. Nicki Minaj).mp3";Beauty and a Beat (feat. Nicki Minaj);Justin Bieber;2012
"Nelly, P. Diddy, Murphy Lee - Shake Ya Tailfeather.mp3";Shake Ya Tailfeather;Nelly, P. Diddy, Murphy Lee;2003
"Mariah Carey - Fantasy.mp3";Fantasy;Mariah Carey;1995
"Dean Martin - Return To Me.mp3";Return To Me;Dean Martin;1958
"Rihanna - Rude Boy.mp3";Rude Boy;Rihanna;2010
"Konshens - Bruk Off Yuh Back.mp3";Bruk Off Yuh Back;Konshens;2016
"blackbear - do re mi (feat. Gucci Mane).mp3";do re mi (feat. Gucci Mane);blackbear;2017
"Wolfgang Gartner - Illmerica.mp3";Illmerica;Wolfgang Gartner;2010
"Britney Spears - ...Baby One More Time.mp3";...Baby One More Time;Britney Spears;1999
"Monkees - I'm A Believer.mp3";I'm A Believer;Monkees;1967
"Kelly Clarkson - Move You.mp3";Move You;Kelly Clarkson;2017
"Leona Lewis - Bleeding Love.mp3";Bleeding Love;Leona Lewis;2008
"Alan O'Day - Undercover Angel.mp3";Undercover Angel;Alan O'Day;1977
"Cassie - Me and U.mp3";Me and U;Cassie;2006
"Johnny Preston - Running Bear.mp3";Running Bear;Johnny Preston;1960
"Freddy Fender - Before The Next Teardrop Falls.mp3";Before The Next Teardrop Falls;Freddy Fender;1975
"Flo Rida feat. Sia - Wild Ones.mp3";Wild Ones;Flo Rida feat. Sia;2012
"Elvis Presley - Don't Be Cruel.mp3";Don't Be Cruel;Elvis Presley;1956
"Rolling Stones - (I Can't Get No) Satisfaction.mp3";(I Can't Get No) Satisfaction;Rolling Stones;1965
"Kings Of Leon - Use Somebody.mp3";Use Somebody;Kings Of Leon;2009
"Pink Floyd - Another Brick In The Wall.mp3";Another Brick In The Wall;Pink Floyd;1980
"Little Big Town - When Someone Stops Loving You.mp3";When Someone Stops Loving You;Little Big Town;2017
"C+C Music Factory - Gonna Make You Sweat (Everybody Dance Now).mp3";Gonna Make You Sweat (Everybody Dance Now);C+C Music Factory;1991
"Lady Antebellum - Need You Now.mp3";Need You Now;Lady Antebellum;2010
"Georgia Gibbs - Dance With Me Henry.mp3";Dance With Me Henry;Georgia Gibbs;1955
"Queen - Don't Stop Me Now.mp3";Don't Stop Me Now;Queen;1978
"Queen - Bohemian Rhapsody.mp3";Bohemian Rhapsody;Queen;1975
"Harry James, His Orchestra - I'm Beginning to See the Light.mp3";I'm Beginning to See the Light;Harry James, His Orchestra;1945
"Jimmy Dorsey, His Orchestra - Tangerine.mp3";Tangerine;Jimmy Dorsey, His Orchestra;1942
"Daniel Caesar - Get You (feat. Kali Uchis).mp3";Get You (feat. Kali Uchis);Daniel Caesar;2016
"Mitch Miller - The Yellow Rose Of Texas.mp3";The Yellow Rose Of Texas;Mitch Miller;1955
"Bee Gees - Night Fever.mp3";Night Fever;Bee Gees;1978
"Bee Gees - Stayin' Alive.mp3";Stayin' Alive;Bee Gees;1978
"Al Martino - Here In My Heart.mp3";Here In My Heart;Al Martino;1952
"Stick Figure - Sound of the Sea.mp3";Sound of the Sea;Stick Figure;2015
"Sam The Sham, The Pharaohs - Wooly Bully.mp3";Wooly Bully;Sam The Sham, The Pharaohs;1965
"RL Grime, What So Not - Tell Me.mp3";Tell Me;RL Grime, What So Not;2014
"Joe Bonamassa, Beth Hart - I'd Rather Go Blind.mp3";I'd Rather Go Blind;Joe Bonamassa, Beth Hart;2011
"Carly Rae Jepsen - Call Me Maybe.mp3";Call Me Maybe;Carly Rae Jepsen;2012
"Chris Brown - Party (feat. Gucci Mane & Usher).mp3";Party (feat. Gucci Mane & Usher);Chris Brown;2016
"Duck Sauce - Barbra Streisand.mp3";Barbra Streisand;Duck Sauce;2010
"The,rews Sisters - Rum and Coca-Cola.mp3";Rum and Coca-Cola;The,rews Sisters;1945
"Luke Bryan - Light It Up.mp3";Light It Up;Luke Bryan;2017
"Rebelution - Pretty Lady.mp3";Pretty Lady;Rebelution;2016
"Niall Horan - Too Much to Ask.mp3";Too Much to Ask;Niall Horan;2017
"Kelsea Ballerini - Legends.mp3";Legends;Kelsea Ballerini;2017
"Ink Spots - The Gypsy.mp3";The Gypsy;Ink Spots;1946
"Dire Straits - Money For Nothing.mp3";Money For Nothing;Dire Straits;1985
"Billy Joel - Piano Man.mp3";Piano Man;Billy Joel;1973
"Patti Labelle, Michael McDonald - On My Own.mp3";On My Own;Patti Labelle, Michael McDonald;1986
"OutKast, Sleepy Brown - The Way You Move.mp3";The Way You Move;OutKast, Sleepy Brown;2004
"Red Hot Chili Peppers - Under The Bridge.mp3";Under The Bridge;Red Hot Chili Peppers;1992
"Johnny Rivers - Poor Side Of Town.mp3";Poor Side Of Town;Johnny Rivers;1966
"Akon feat. Eminem - Smack That.mp3";Smack That;Akon feat. Eminem;2007
"Highwaymen - Michael.mp3";Michael;Highwaymen;1961
"George Harrison - Got My Mind Set On You.mp3";Got My Mind Set On You;George Harrison;1988
"Terry Jacks - Seasons In The Sun.mp3";Seasons In The Sun;Terry Jacks;1974
"Justin Bieber - Love Yourself.mp3";Love Yourself;Justin Bieber;2016
"Rod Stewart - Maggie May  (Find A) Reason To Believe.mp3";Maggie May / (Find A) Reason To Believe;Rod Stewart;1971
"John Denver - Take Me Home, Country Roads.mp3";Take Me Home, Country Roads;John Denver;1971
"Lil Wayne, Static Major - Lollipop.mp3";Lollipop;Lil Wayne, Static Major;2008
"Doors - Light My Fire.mp3";Light My Fire;Doors;1967
"TLC - No Scrubs.mp3";No Scrubs;TLC;1999
"Dinah Shore - I'll Walk Alone.mp3";I'll Walk Alone;Dinah Shore;1944
"Guy Mitchell - Singing The Blues.mp3";Singing The Blues;Guy Mitchell;1957
"Anita Baker - Giving You The Best That I Got.mp3";Giving You The Best That I Got;Anita Baker;1989
"MAJOR. - Why I Love You.mp3";Why I Love You;MAJOR.;2016
"Avril Lavigne - Girlfriend.mp3";Girlfriend;Avril Lavigne;2007
"Glenn Miller, His Orchestra - Moonlight Serenade.mp3";Moonlight Serenade;Glenn Miller, His Orchestra;1972
"Frank Sinatra - Oh! What It Seemed To Be.mp3";Oh! What It Seemed To Be;Frank Sinatra;1946
"Boney James - Tick Tock.mp3";Tick Tock;Boney James;2017
"Chiffons - He's So Fine.mp3";He's So Fine;Chiffons;1963
"T.I. - Whatever You Like.mp3";Whatever You Like;T.I.;2008
"Macklemore, Ryan Lewis, Wanz - Thrift Shop.mp3";Thrift Shop;Macklemore, Ryan Lewis, Wanz;2013
"Daft Punk feat. Pharrell Williams - Get Lucky.mp3";Get Lucky;Daft Punk feat. Pharrell Williams;2013
"Rick Astley - Never Gonna Give You Up.mp3";Never Gonna Give You Up;Rick Astley;1988
"Frankie Carle - Oh! What It Seemed To Be.mp3";Oh! What It Seemed To Be;Frankie Carle;1946
"Beth Hart - Love Is a Lie.mp3";Love Is a Lie;Beth Hart;2016
"Wreckx-N-Effect - Rump Shaker.mp3";Rump Shaker;Wreckx-N-Effect;1993
"Les Baxter - April In Portugal.mp3";April In Portugal;Les Baxter;1953
"Stevie Wonder - As.mp3";As;Stevie Wonder;1976
"Q, The Mysterians - 96 Tears.mp3";96 Tears;?, The Mysterians;1966
"Steve Winwood - Roll With It.mp3";Roll With It;Steve Winwood;1988
"Iration - Time Bomb.mp3";Time Bomb;Iration;2010
"Jimmy Dorsey, His Orchestra - Blue Champagne.mp3";Blue Champagne;Jimmy Dorsey, His Orchestra;1941
"Usher - Confessions Part II.mp3";Confessions Part II;Usher;2004
"Sly , The Family Stone - Hot Fun In The Summertime.mp3";Hot Fun In The Summertime;Sly , The Family Stone;1969
"Larry Green - Near You.mp3";Near You;Larry Green;1947
"Doris Day - Secret Love.mp3";Secret Love;Doris Day;1954
"Lady Gaga, Colby O'Donis - Just Dance.mp3";Just Dance;Lady Gaga, Colby O'Donis;2009
"Mary MacGregor - Torn Between Two Lovers.mp3";Torn Between Two Lovers;Mary MacGregor;1977
"Bobby Lewis - Tossin' And Turnin'.mp3";Tossin' And Turnin';Bobby Lewis;1961
"Billy Preston - Will It Go Round In Circles.mp3";Will It Go Round In Circles;Billy Preston;1973
"Kool , The Gang - Celebration.mp3";Celebration;Kool , The Gang;1981
"Beatles - Help!.mp3";Help!;Beatles;1965
"Louis Armstrong - Hello, Dolly!.mp3";Hello, Dolly!;Louis Armstrong;1964
"Tiffany - Could've Been.mp3";Could've Been;Tiffany;1988
"Herb Alpert - Route 101.mp3";Route 101;Herb Alpert;1982
"Phil Collins - In the Air Tonight.mp3";In the Air Tonight;Phil Collins;1981
"Keith Sweat - Twisted.mp3";Twisted;Keith Sweat;1996
"Eddy Howard - To Each His Own.mp3";To Each His Own;Eddy Howard;1946
"Browns - The Three Bells.mp3";The Three Bells;Browns;1959
"Sensations - Let Me In.mp3";Let Me In;Sensations;1962
"Janet - All For You.mp3";All For You;Janet;2001
"Mandy Harvey - Try.mp3";Try;Mandy Harvey;2014
"Foreigner - I Want To Know What Love Is.mp3";I Want To Know What Love Is;Foreigner;1985
"Al Dexter - Pistol Packin' Mama.mp3";Pistol Packin' Mama;Al Dexter;1943
"AC DC - Hells Bells.mp3";Hells Bells;AC DC;1980
"Maren Morris - I Could Use a Love Song.mp3";I Could Use a Love Song;Maren Morris;2016
"Seal - Kiss From A Rose.mp3";Kiss From A Rose;Seal;1995
"Perry Como - Prisoner Of Love.mp3";Prisoner Of Love;Perry Como;1946
"Nelly - Hot in Herre.mp3";Hot in Herre;Nelly;2002
"The Weeknd - Can't Feel My Face.mp3";Can't Feel My Face;The Weeknd;2015
"Celine Dion - The Power Of Love.mp3";The Power Of Love;Celine Dion;1994
"Ellie Goulding - Love Me Like You Do.mp3";Love Me Like You Do;Ellie Goulding;2015
"UB40 - Red Red Wine (12'' Version).mp3";Red Red Wine (12'' Version);UB40;1983
"La Roux - In For The Kill (Skrillex Remix).mp3";In For The Kill (Skrillex Remix);La Roux;2010
"Swedish House Mafia - Don't You Worry Child (feat. John Martin).mp3";Don't You Worry Child (feat. John Martin);Swedish House Mafia;2012
"Survivor - Burning Heart.mp3";Burning Heart;Survivor;1986
"Iggy Azalea, Charli XCX - Fancy.mp3";Fancy;Iggy Azalea, Charli XCX;2014
"Ray Charles - I Can't Stop Loving You.mp3";I Can't Stop Loving You;Ray Charles;1962
"Dawn - Knock Three Times.mp3";Knock Three Times;Dawn;1971
"Florida Georgia Line - God, Your Mama, And Me (feat. Backstreet Boys).mp3";God, Your Mama, And Me (feat. Backstreet Boys);Florida Georgia Line;2016
"Whitesnake - Here I Go Again.mp3";Here I Go Again;Whitesnake;1987
"Jhene Aiko - While We're Young.mp3";While We're Young;Jhene Aiko;2017
"Joe Bonamassa - Dust Bowl.mp3";Dust Bowl;Joe Bonamassa;2011
"Diplo - Express Yourself (feat. Nicky Da B).mp3";Express Yourself (feat. Nicky Da B);Diplo;2012
"TLC - Waterfalls.mp3";Waterfalls;TLC;1995
"Pat Boone - Don't Forbid Me.mp3";Don't Forbid Me;Pat Boone;1957
"Joan Jett, The Blackhearts - I Love Rock 'N Roll.mp3";I Love Rock 'N Roll;Joan Jett, The Blackhearts;1981
"Clarence Carter - Slip Away.mp3";Slip Away;Clarence Carter;1968
"Robbie Nevil - C'est La Vie.mp3";C'est La Vie;Robbie Nevil;1987
"Guy Lombardo - Third Man Theme.mp3";Third Man Theme;Guy Lombardo;1950
"Iration - Falling.mp3";Falling;Iration;2008
"Frank Sinatra - My Way.mp3";My Way;Frank Sinatra;1964
"Billy Joel - It's Still Rock And Roll To Me.mp3";It's Still Rock And Roll To Me;Billy Joel;1980
"blackbear - Idfc.mp3";Idfc;blackbear;2015
"Ricky Martin - Livin' La Vida Loca.mp3";Livin' La Vida Loca;Ricky Martin;1999
"Association - Windy.mp3";Windy;Association;1967
"Selena Gomez - Fetish (feat. Gucci Mane).mp3";Fetish (feat. Gucci Mane);Selena Gomez;2017
"Carly Pearce - Every Little Thing.mp3";Every Little Thing;Carly Pearce;2017
"Jimmy Cliff - I Can See Clearly Now.mp3";I Can See Clearly Now;Jimmy Cliff;1993
"Tommy Roe - Dizzy.mp3";Dizzy;Tommy Roe;1969
"Bette Midler - The Rose.mp3";The Rose;Bette Midler;1980
"R. Kelly - Ignition.mp3";Ignition;R. Kelly;2003
"Taylor Swift - Look What You Made Me Do.mp3";Look What You Made Me Do;Taylor Swift;2017
"Diana Ross - Ain't No Mountain High Enough.mp3";Ain't No Mountain High Enough;Diana Ross;1970
"Wings - Silly Love Songs.mp3";Silly Love Songs;Wings;1976
"Eddie Fisher - Oh! My Pa-pa.mp3";Oh! My Pa-pa;Eddie Fisher;1954
"Chic - Le Freak.mp3";Le Freak;Chic;1979
"Keb' Mo' - Life Is Beautiful.mp3";Life Is Beautiful;Keb' Mo';2005
"Poison - Every Rose Has Its Thorn.mp3";Every Rose Has Its Thorn;Poison;1989
"Frankie Laine - Mule Train.mp3";Mule Train;Frankie Laine;1949
"Jimmy Dorsey, His Orchestra - Green Eyes (Aquellos Ojos Verdes).mp3";Green Eyes (Aquellos Ojos Verdes);Jimmy Dorsey, His Orchestra;1941
"Nickelback - Rockstar.mp3";Rockstar;Nickelback;2005
"Steve Miller B, - Abracadabra.mp3";Abracadabra;Steve Miller B,;1982
"Jon Pardi - Dirt on My Boots.mp3";Dirt on My Boots;Jon Pardi;2016
"Marvin Gaye - Let's Get It On.mp3";Let's Get It On;Marvin Gaye;1973
"Las Vegas Big Band - It's Only You That I Love.mp3";It's Only You That I Love;Las Vegas Big Band;2012
"En Vogue - My Lovin' (You're Never Gonna Get It).mp3";My Lovin' (You're Never Gonna Get It);En Vogue;1992
"Kelly Clarkson - Love So Soft.mp3";Love So Soft;Kelly Clarkson;2017
"Foo Fighters - The Sky Is A Neighborhood.mp3";The Sky Is A Neighborhood;Foo Fighters;2017
"Gary, Bing Crosby - Sam's Song.mp3";Sam's Song;Gary, Bing Crosby;1950
"Lifehouse - You And Me.mp3";You And Me;Lifehouse;2005
"Beyonce feat. Sean Paul - Baby Boy.mp3";Baby Boy;Beyonce feat. Sean Paul;2003
"Brothers Osborne - It Ain't My Fault.mp3";It Ain't My Fault;Brothers Osborne;2016
"The Mills Brothers - You Always Hurt the One You Love.mp3";You Always Hurt the One You Love;The Mills Brothers;1944
"Peaches, Herb - Reunited.mp3";Reunited;Peaches, Herb;1979
"Mitch King - Coming Back.mp3";Coming Back;Mitch King;2014
"Ray Noble, Buddy Clark - Linda.mp3";Linda;Ray Noble, Buddy Clark;1947
"Ace Of Base - All That She Wants.mp3";All That She Wants;Ace Of Base;1994
"Anita Ward - Ring My Bell.mp3";Ring My Bell;Anita Ward;1979
"Harry Styles - Sign of the Times.mp3";Sign of the Times;Harry Styles;2017
"Jackson 5 - Dancing Machine.mp3";Dancing Machine;Jackson 5;1974
"Brett Young - Like I Loved You.mp3";Like I Loved You;Brett Young;2016
"Sinead O'Connor - Nothing Compares 2 U.mp3";Nothing Compares 2 U;Sinead O'Connor;1990
"Manhattans - Kiss And Say Goodbye.mp3";Kiss And Say Goodbye;Manhattans;1976
"Mary Wells - My Guy.mp3";My Guy;Mary Wells;1964
"Neil Sedaka - Laughter In The Rain.mp3";Laughter In The Rain;Neil Sedaka;1975
"Bob Marley, The Wailers - Stir It Up.mp3";Stir It Up;Bob Marley, The Wailers;1973
"Rebelution - Lay My Claim.mp3";Lay My Claim;Rebelution;2016
"T.I. feat. Justin Timberlake - Dead And Gone.mp3";Dead And Gone;T.I. feat. Justin Timberlake;2009
"Joe Bonamassa, Beth Hart - I'll Take Care of You.mp3";I'll Take Care of You;Joe Bonamassa, Beth Hart;2011
"Sgt. Barry Sadler - The Ballad Of The Green Berets.mp3";The Ballad Of The Green Berets;Sgt. Barry Sadler;1966
"Katy Perry, Kanye West - E.T..mp3";E.T.;Katy Perry, Kanye West;2011
"Rihanna feat. Mikky Ekko - Stay.mp3";Stay;Rihanna feat. Mikky Ekko;2013
"Bobby Brown - My Prerogative.mp3";My Prerogative;Bobby Brown;1989
"Janet - Together Again.mp3";Together Again;Janet;1998
"The Glenn Miller Orchestra - A String of Pearls.mp3";A String of Pearls;The Glenn Miller Orchestra;1942
"Gordon Jenkins, The Weavers - Goodnight Irene.mp3";Goodnight Irene;Gordon Jenkins, The Weavers;1950
"Dustin Lynch - Small Town Boy.mp3";Small Town Boy;Dustin Lynch;2017
"Matisyahu - One Day.mp3";One Day;Matisyahu;2008
"Electric Light Orchestra - Livin' Thing.mp3";Livin' Thing;Electric Light Orchestra;1976
"AC DC - Highway to Hell.mp3";Highway to Hell;AC DC;1979
"Bastille - Pompeii.mp3";Pompeii;Bastille;2014
"Eric Prydz - Opus (Four Tet Remix).mp3";Opus (Four Tet Remix);Eric Prydz;2015
"Maroon 5 - Makes Me Wonder.mp3";Makes Me Wonder;Maroon 5;2007
"The Fifth Dimension - Aquarius  Let the Sunshine In.mp3";Aquarius / Let The Sunshine In;Fifth Dimension;1969
"Bobby Darin - Mack The Knife.mp3";Mack The Knife;Bobby Darin;1959
"Paul Simon - 50 Ways To Leave Your Lover.mp3";50 Ways To Leave Your Lover;Paul Simon;1976
"Jonny Lang - Still Rainin'.mp3";Still Rainin';Jonny Lang;1998
"Art Mooney - I'm Looking Over A Four Leaf Clover.mp3";I'm Looking Over A Four Leaf Clover;Art Mooney;1948
"Chris Stapleton - Tennessee Whiskey.mp3";Tennessee Whiskey;Chris Stapleton;2015
"Madonna - Take A Bow.mp3";Take A Bow;Madonna;1995
"Police - Every Breath You Take.mp3";Every Breath You Take;Police;1983
"Beyonce, Jay-Z - Crazy In Love.mp3";Crazy In Love;Beyonce, Jay-Z;2003
"Bing Crosby - Sierra Sue.mp3";Sierra Sue;Bing Crosby;1940
"Perry Como - If.mp3";If;Perry Como;1951
"Sean Paul - Get Busy.mp3";Get Busy;Sean Paul;2003
"Tab Hunter - Young Love.mp3";Young Love;Tab Hunter;1957
"Tom Jones - I'll Never Fall In Love Again.mp3";I'll Never Fall In Love Again;Tom Jones;1969
"Whitney Houston - So Emotional.mp3";So Emotional;Whitney Houston;1988
"Daryl Hall , John Oates - Kiss On My List.mp3";Kiss On My List;Daryl Hall , John Oates;1981
"Blondie - Call Me.mp3";Call Me;Blondie;1980
"Joe Bonamassa - Black Lung Heartache.mp3";Black Lung Heartache;Joe Bonamassa;2011
"Old Dominion - No Such Thing as a Broken Heart.mp3";No Such Thing as a Broken Heart;Old Dominion;2017
"The Weeknd - I Feel It Coming (feat. Daft Punk).mp3";I Feel It Coming (feat. Daft Punk);The Weeknd;2016
"I Prevail - Alone.mp3";Alone;I Prevail;2016
"Juvenile feat. Soulja Slim - Slow Motion.mp3";Slow Motion;Juvenile feat. Soulja Slim;2004
"Niall Horan - Slow Hands.mp3";Slow Hands;Niall Horan;2017
"Cream - Sunshine Of Your Love.mp3";Sunshine Of Your Love;Cream;1968
"Jimmy Dorsey - So Rare.mp3";So Rare;Jimmy Dorsey;1957
"Kim Carnes - Bette Davis Eyes.mp3";Bette Davis Eyes;Kim Carnes;1981
"Frankie Valli - My Eyes Adored You.mp3";My Eyes Adored You;Frankie Valli;1975
"Next - Too Close.mp3";Too Close;Next;1998
"Pat Boone - Ain't That A Shame.mp3";Ain't That A Shame;Pat Boone;1955
"Little Stevie Wonder - Fingertips II.mp3";Fingertips II;Little Stevie Wonder;1963
"Theory of a Deadman - Rx.mp3";Rx;Theory of a Deadman;2017
"Bee Gees - How Deep Is Your Love.mp3";How Deep Is Your Love;Bee Gees;1978
"Jo Stafford - Make Love To Me.mp3";Make Love To Me;Jo Stafford;1954
"David Rose - The Stripper.mp3";The Stripper;David Rose;1962
"Bing Crosby, the,rews Sisters - Don't Fence Me In.mp3";Don't Fence Me In;Bing Crosby, the,rews Sisters;1944
"Domenico Modugno - Volare (Nel Blu Dipinto Di Blu).mp3";Volare (Nel Blu Dipinto Di Blu);Domenico Modugno;1958
"Bing Crosby - White Christmas.mp3";White Christmas;Bing Crosby;1942
"Charlie Puth - Attention.mp3";Attention;Charlie Puth;2017
"Puff Daddy - Can't Nobody Hold Me Down.mp3";Can't Nobody Hold Me Down;Puff Daddy;1997
"a-ha - Take On Me.mp3";Take On Me;a-ha;1985
"Khalid - Saved.mp3";Saved;Khalid;2017
"Rebelution - Feeling Alright.mp3";Feeling Alright;Rebelution;2007
"George Benson - Breezin'.mp3";Breezin';George Benson;2001
"Joe Tex - I Gotcha.mp3";I Gotcha;Joe Tex;1972
"Sean Paul - No Lie (feat. Dua Lipa).mp3";No Lie (feat. Dua Lipa);Sean Paul;2016
"Shawn Mendes - There's Nothing Holdin' Me Back.mp3";There's Nothing Holdin' Me Back;Shawn Mendes;2016
"Frank Sinatra - Young At Heart.mp3";Young At Heart;Frank Sinatra;1953
"Silk - Freak Me.mp3";Freak Me;Silk;1993
"ZAYN - Dusk Till Dawn (feat. Sia).mp3";Dusk Till Dawn (feat. Sia);ZAYN;2017
"Petey Pablo - Freek-a-Leek.mp3";Freek-a-Leek;Petey Pablo;2004
"Rascals - People Got To Be Free.mp3";People Got To Be Free;Rascals;1968
"Roxette - It Must Have Been Love.mp3";It Must Have Been Love;Roxette;1990
"Diana Ross, Lionel Richie - Endless Love.mp3";Endless Love;Diana Ross, Lionel Richie;1981
"Gilbert O'Sullivan - Alone Again (Naturally).mp3";Alone Again (Naturally);Gilbert O'Sullivan;1972
"Perry Como - Some Enchanted Evening.mp3";Some Enchanted Evening;Perry Como;1949
"Andra Day - Rise Up.mp3";Rise Up;Andra Day;2015
"Breathe - Hands To Heaven.mp3";Hands To Heaven;Breathe;1988
"Eilen Jewell - It's Your Voodoo Working.mp3";It's Your Voodoo Working;Eilen Jewell;2017
"Johnnie Ray - Cry.mp3";Cry;Johnnie Ray;1952
"String-a-longs - Wheels.mp3";Wheels;String-a-longs;1961
"Chaka Khan - I Feel For You.mp3";I Feel For You;Chaka Khan;1985
"Common Kings - Take Her.mp3";Take Her;Common Kings;2017
"Roger Williams - Autumn Leaves.mp3";Autumn Leaves;Roger Williams;1955
"Etta James - At Last (Single Version).mp3";At Last (Single Version);Etta James;1960
"Damian Jr. Gong Marley - Welcome to Jamrock.mp3";Welcome to Jamrock;"Damian ""Jr. Gong"" Marley";2005
"Maroon 5 - Sugar.mp3";Sugar;Maroon 5;2015
"Patti Page - Tennessee Waltz.mp3";Tennessee Waltz;Patti Page;1951
"Drake, WizKid, Kyla - One Dance.mp3";One Dance;Drake, WizKid, Kyla;2016
"Louis Armstrong - La Vie En Rose (Single Version).mp3";La Vie En Rose (Single Version);Louis Armstrong;1950
"Dean Martin - Memories Are Made Of This.mp3";Memories Are Made Of This;Dean Martin;1956
"Rihanna - Needed Me.mp3";Needed Me;Rihanna;2016
"Vertical Horizon - Everything You Want.mp3";Everything You Want;Vertical Horizon;2000
"Bruce Hornsby , The Range - The Way It Is.mp3";The Way It Is;Bruce Hornsby , The Range;1987
"Bette Midler - Wind Beneath My Wings.mp3";Wind Beneath My Wings;Bette Midler;1989
"Glen Gray, the Casa Loma Orchestra - My Heart Tells Me (Should I Believe My Heart).mp3";My Heart Tells Me (Should I Believe My Heart?);Glen Gray, the Casa Loma Orchestra;1943
"AC DC - Back In Black.mp3";Back In Black;AC DC;1980
"Hi-Five - I Like The Way (The Kissing Game).mp3";I Like The Way (The Kissing Game);Hi-Five;1991
"Bruno Mars - 24K Magic.mp3";24K Magic;Bruno Mars;2016
"Dolly Parton - 9 To 5.mp3";9 To 5;Dolly Parton;1981
"Archie Bell , The Drells - Tighten Up.mp3";Tighten Up;Archie Bell , The Drells;1968
"Boyz II Men - End Of The Road.mp3";End Of The Road;Boyz II Men;1992
"Roberta Flack - Killing Me Softly With His Song.mp3";Killing Me Softly With His Song;Roberta Flack;1973
"Kid Rock - All Summer Long.mp3";All Summer Long;Kid Rock;2007
"Eddie Fisher , Hugo Winterhalter - Wish You Were Here.mp3";Wish You Were Here;Eddie Fisher , Hugo Winterhalter;1952
"Fetty Wap - Trap Queen.mp3";Trap Queen;Fetty Wap;2015
"Lionel Richie - Hello.mp3";Hello;Lionel Richie;1984
"Destiny's Child - Say My Name.mp3";Say My Name;Destiny's Child;2000
"Cheat Codes - No Promises (feat. Demi Lovato).mp3";No Promises (feat. Demi Lovato);Cheat Codes;2017
"Dean Martin - Everybody Loves Somebody.mp3";Everybody Loves Somebody;Dean Martin;1964
"Platters - My Prayer.mp3";My Prayer;Platters;1956
"MAX - Lights Down Low (feat. gnash).mp3";Lights Down Low (feat. gnash);MAX;2016
"Culture Club - Karma Chameleon.mp3";Karma Chameleon;Culture Club;1984
"Starship - Nothing's Gonna Stop Us Now.mp3";Nothing's Gonna Stop Us Now;Starship;1987
"Nilsson - Without You.mp3";Without You;Nilsson;1972
"Gloria Gaynor - I Will Survive.mp3";I Will Survive;Gloria Gaynor;1979
"Paul , Paula - Hey Paula.mp3";Hey Paula;Paul , Paula;1963
"Katy Perry - Last Friday Night (T.G.I.F.).mp3";Last Friday Night (T.G.I.F.);Katy Perry;2011
"SWV - Weak.mp3";Weak;SWV;1993
"Wild Cherry - Play That Funky Music.mp3";Play That Funky Music;Wild Cherry;1976
"Perry Como - Don't Let The Stars Get In Your Eyes.mp3";Don't Let The Stars Get In Your Eyes;Perry Como;1953
"Andrews Sisters , Gordon Jenkins - I Can Dream, Can't I.mp3";I Can Dream, Can't I;Andrews Sisters , Gordon Jenkins;1949
"Andy Grammer - Give Love (feat. LunchMoney Lewis).mp3";Give Love (feat. LunchMoney Lewis);Andy Grammer;2017
"Michael Kiwanuka - Cold Little Heart (Radio Edit).mp3";Cold Little Heart (Radio Edit);Michael Kiwanuka;2017
"Ames Brothers - You, You, You.mp3";You, You, You;Ames Brothers;1953
"Taylor Swift - You Belong With Me.mp3";You Belong With Me;Taylor Swift;2009
"Nina Simone - Feeling Good.mp3";Feeling Good;Nina Simone;1965
"BTS - Outro- Her.mp3";Outro- Her;BTS;2017
"Shaggy - Boombastic.mp3";Boombastic;Shaggy;1995
"Chris Brown - Privacy.mp3";Privacy;Chris Brown;2017
"Bruno Mars - Locked Out Of Heaven.mp3";Locked Out Of Heaven;Bruno Mars;2013
"The Ink Spots, Ella Fitzgerald - Into Each Life Some Rain Must Fall.mp3";Into Each Life Some Rain Must Fall;The Ink Spots, Ella Fitzgerald;1944
"BTS - Go Go.mp3";Go Go;BTS;2017
"Journey - Don't Stop Believin'.mp3";Don't Stop Believin';Journey;1981
"Peking Duk - High (feat. Nicole Millar).mp3";High (feat. Nicole Millar);Peking Duk;2014
"George Benson - Turn Your Love Around.mp3";Turn Your Love Around;George Benson;1981
"Eurythmics - Sweet Dreams (Are Made Of This).mp3";Sweet Dreams (Are Made Of This);Eurythmics;1983
"Irene Cara - Flashdance... What A Feeling.mp3";Flashdance... What A Feeling;Irene Cara;1983
"Harry James, His Orchestra - I Had the Craziest Dream.mp3";I Had the Craziest Dream;Harry James, His Orchestra;1942
"Four Tops - Reach Out I'll Be There.mp3";Reach Out I'll Be There;Four Tops;1966
"Dinah Shore - The Gypsy.mp3";The Gypsy;Dinah Shore;1946
"ZHU - Faded.mp3";Faded;ZHU;2014
"Usher - Burn.mp3";Burn;Usher;2004
"Perry Como - Round And Round.mp3";Round And Round;Perry Como;1957
"Ray J, Yung Berg - Sexy Can I.mp3";Sexy Can I;Ray J, Yung Berg;2008
"MFSB - TSOP.mp3";TSOP;MFSB;1974
"The Weeknd - The Hills.mp3";The Hills;The Weeknd;2015
"Bruno Mars - Just The Way You Are.mp3";Just The Way You Are;Bruno Mars;2011
"R.L. Burnside - Someday Baby.mp3";Someday Baby;R.L. Burnside;2004
"Eric Church - Round Here Buzz.mp3";Round Here Buzz;Eric Church;2015
"Black Eyed Peas - I Gotta Feeling.mp3";I Gotta Feeling;Black Eyed Peas;2009
"Madonna - Vogue.mp3";Vogue;Madonna;1990
"The Killers - Mr. Brightside.mp3";Mr. Brightside;The Killers;2003
"Canned Heat - Let's Work Together.mp3";Let's Work Together;Canned Heat;1970
"Bob Marley, The Wailers - Could You Be Loved.mp3";Could You Be Loved;Bob Marley, The Wailers;1980
"TroyBoi - Afterhours (feat. Diplo & Nina Sky).mp3";Afterhours (feat. Diplo & Nina Sky);TroyBoi;2015
"Elvis Presley - Too Much.mp3";Too Much;Elvis Presley;1957
"Bobby 'Blue' Bland - Ain't No Sunshine When She's Gone.mp3";Ain't No Sunshine When She's Gone;Bobby 'Blue' Bland;1988
"Montgomery Gentry - Better Me.mp3";Better Me;Montgomery Gentry;2017
"Janet Jackson - Miss You Much.mp3";Miss You Much;Janet Jackson;1989
"K. Michelle - Either Way (feat. Chris Brown).mp3";Either Way (feat. Chris Brown);K. Michelle;2017
"Frankie Avalon - Venus.mp3";Venus;Frankie Avalon;1959
"Heart - Alone.mp3";Alone;Heart;1987
"Keith Urban - The Fighter (feat. Carrie Underwood).mp3";The Fighter (feat. Carrie Underwood);Keith Urban;2016
"Johnnie Taylor - Disco Lady.mp3";Disco Lady;Johnnie Taylor;1976
"All That Remains - The Thunder Rolls (Cover).mp3";The Thunder Rolls (Cover);All That Remains;2017
"Beatles - Let It Be.mp3";Let It Be;Beatles;1970
"Chris Brown - Questions.mp3";Questions;Chris Brown;2017
"Los Del Rio - Macarena (Bayside Boys Mix).mp3";Macarena (Bayside Boys Mix);Los Del Rio;1996
"Dylan Scott - My Girl.mp3";My Girl;Dylan Scott;2016
"Four Aces - Love Is A Many Splendored Thing.mp3";Love Is A Many Splendored Thing;Four Aces;1955
"Bing Crosby - Now Is The Hour.mp3";Now Is The Hour;Bing Crosby;1948
"Van Halen - Jump.mp3";Jump;Van Halen;1984
"Us3 - Cantaloop (Flip Fantasia).mp3";Cantaloop (Flip Fantasia);Us3;1993
"Kygo, Selena Gomez - It Ain't Me.mp3";It Ain't Me;Kygo, Selena Gomez;2017
"Jacquees - B.E.D. (Remix) [feat. Ty Dolla $ign & Quavo].mp3";B.E.D. (Remix) [feat. Ty Dolla $ign & Quavo];Jacquees;2017
"Rihanna - Take A Bow.mp3";Take A Bow;Rihanna;2008
"BTS - Intro- Serendipity.mp3";Intro- Serendipity;BTS;2017
"Sugar Ray - Every Morning.mp3";Every Morning;Sugar Ray;1999
"Savoy Brown - Close to Midnight.mp3";Close to Midnight;Savoy Brown;2017
"Queen - We Are the Champions.mp3";We Are the Champions;Queen;1977
"BTS - Best of Me.mp3";Best of Me;BTS;2017
"Wiz Khalifa, Charlie Puth - See You Again.mp3";See You Again;Wiz Khalifa, Charlie Puth;2015
"DeeWunn - Mek It Bunx Up (feat. Marcy Chin).mp3";Mek It Bunx Up (feat. Marcy Chin);DeeWunn;2013
"Montell Jordan - This Is How We Do It.mp3";This Is How We Do It;Montell Jordan;1995
"Luis Fonsi, Daddy Yankee - Despacito (feat. Justin Bieber) [Remix].mp3";Despacito (feat. Justin Bieber) [Remix];Luis Fonsi, Daddy Yankee;2017
"Prophets of Rage - Unfuck the World.mp3";Unfuck the World;Prophets of Rage;2017
"Darius Rucker - Wagon Wheel.mp3";Wagon Wheel;Darius Rucker;2013
"Daryl Hall , John Oates - Out Of Touch.mp3";Out Of Touch;Daryl Hall , John Oates;1985
"Bobby Caldwell - What You Won't Do for Love.mp3";What You Won't Do for Love;Bobby Caldwell;1978
"Johnny Long, His Orchestra - (As Long As You're Not in Love with Anyone Else) Why Don't You Fall in Love with Me.mp3";(As Long As You're Not in Love with Anyone Else) Why Don't You Fall in Love with Me?;Johnny Long, His Orchestra;1943
"George Benson - On Broadway.mp3";On Broadway;George Benson;1981
"Toni Braxton - Breathe Again.mp3";Breathe Again;Toni Braxton;1994
"Bobby Gentry - Ode To Billie Joe.mp3";Ode To Billie Joe;Bobby Gentry;1967
"Ashanti - Foolish.mp3";Foolish;Ashanti;2002
"Quincy Jones - Sanford and Son Theme (The Streetbeater).mp3";Sanford and Son Theme (The Streetbeater);Quincy Jones;1987
"Kenny G - Songbird.mp3";Songbird;Kenny G;1986
"Gabbie Hanna - Out Loud.mp3";Out Loud;Gabbie Hanna;2017
"Pharrell Williams - Happy.mp3";Happy;Pharrell Williams;2014
"Santana, Rob Thomas - Smooth.mp3";Smooth;Santana, Rob Thomas;2000
"Al Trace - You Call Everybody Darlin'.mp3";You Call Everybody Darlin';Al Trace;1948
"Jordan Davis - Singles You Up.mp3";Singles You Up;Jordan Davis;2017
"Walter Murphy , The Big Apple B, - A Fifth Of Beethoven.mp3";A Fifth Of Beethoven;Walter Murphy , The Big Apple B,;1976
"Metallica - One.mp3";One;Metallica;1988
"Spice Girls - Wannabe.mp3";Wannabe;Spice Girls;1997
"Mariah Carey - Shake It Off.mp3";Shake It Off;Mariah Carey;2005
"J-Kwon - Tipsy.mp3";Tipsy;J-Kwon;2004
"Anton Karas - Third Man Theme.mp3";Third Man Theme;Anton Karas;1950
"Glenn Miller, His Orchestra - In the Mood.mp3";In the Mood;Glenn Miller, His Orchestra;1972
"Brandy, Monica - The Boy Is Mine.mp3";The Boy Is Mine;Brandy, Monica;1998
"Tommy James , The Shondells - Crimson And Clover.mp3";Crimson And Clover;Tommy James , The Shondells;1969
"Percy Faith - Delicado.mp3";Delicado;Percy Faith;1952
"Devin Dawson - All on Me.mp3";All on Me;Devin Dawson;2017
"Kevin Lyttle - Turn Me On.mp3";Turn Me On;Kevin Lyttle;2003
"Mr. Mister - Broken Wings.mp3";Broken Wings;Mr. Mister;1986
"Cher - Believe.mp3";Believe;Cher;1999
"Dave Brubeck - Take Five.mp3";Take Five;Dave Brubeck;1959
"Ruthie Foster - Lord Remember Me.mp3";Lord Remember Me;Ruthie Foster;2012
"The Weeknd - Reminder.mp3";Reminder;The Weeknd;2016
"Tears For Fears - Everybody Wants To Rule The World.mp3";Everybody Wants To Rule The World;Tears For Fears;1985
"Queen - Another One Bites the Dust.mp3";Another One Bites the Dust;Queen;1980
"Marvin Gaye, Tammi Terrell - Ain't No Mountain High Enough.mp3";Ain't No Mountain High Enough;Marvin Gaye, Tammi Terrell;1967
"Kip Moore - More Girls Like You.mp3";More Girls Like You;Kip Moore;2017
"Kenny Wayne Shepherd Band - Baby Got Gone.mp3";Baby Got Gone;Kenny Wayne Shepherd Band;2017
"Bill Haley, His Comets - Rock Around The Clock.mp3";Rock Around The Clock;Bill Haley, His Comets;1955
"Teresa Brewer - Till I Waltz Again With You.mp3";Till I Waltz Again With You;Teresa Brewer;1953
"Shaggy - It Wasn't Me (feat. Ricardo Ducent).mp3";It Wasn't Me (feat. Ricardo Ducent);Shaggy;2000
"Thelma Houston - Don't Leave Me This Way.mp3";Don't Leave Me This Way;Thelma Houston;1977
"Harry James, His Orchestra - I've Heard That Song Before.mp3";I've Heard That Song Before;Harry James, His Orchestra;1943
"Ed Sheeran - Shape of You.mp3";Shape of You;Ed Sheeran;2017
"Don McLean - American Pie.mp3";American Pie;Don McLean;1972
"Roy Orbison - Oh, Pretty Woman.mp3";Oh, Pretty Woman;Roy Orbison;1964
"AC DC - You Shook Me All Night Long.mp3";You Shook Me All Night Long;AC DC;1980
"Dee Dee Sharp - Mashed Potato Time.mp3";Mashed Potato Time;Dee Dee Sharp;1962
"En Vogue - Hold On.mp3";Hold On;En Vogue;1990
"Russ Morgan - Cruising Down the River.mp3";Cruising Down the River;Russ Morgan;1949
"Herb Alpert, The Tijuana Brass - Spanish Flea.mp3";Spanish Flea;Herb Alpert, The Tijuana Brass;1965
"Luke Combs - Hurricane.mp3";Hurricane;Luke Combs;2015
"Bing Crosby - Only Forever.mp3";Only Forever;Bing Crosby;1940
"Jimmy Dorsey, His Orchestra - Maria Elena.mp3";Maria Elena;Jimmy Dorsey, His Orchestra;1941
"Carnage - Bricks (feat. Migos).mp3";Bricks (feat. Migos);Carnage;2014
"Guns N' Roses - Welcome to the Jungle.mp3";Welcome to the Jungle;Guns N' Roses;1987
"Frankie Laine - That Lucky Old Sun.mp3";That Lucky Old Sun;Frankie Laine;1949
"K-Ci , JoJo - All My Life.mp3";All My Life;K-Ci , JoJo;1998
"Fray - Over My Head (Cable Car).mp3";Over My Head (Cable Car);Fray;2006
"George Benson - This Masquerade.mp3";This Masquerade;George Benson;2001
"Supremes - You Can't Hurry Love.mp3";You Can't Hurry Love;Supremes;1966
"Lynyrd Skynyrd - Free Bird.mp3";Free Bird;Lynyrd Skynyrd;1973
"Temptations - Just My Imagination (Running Away With Me).mp3";Just My Imagination (Running Away With Me);Temptations;1971
"Al Jolson - Anniversary Song.mp3";Anniversary Song;Al Jolson;1947
"Captain, Tennille - Do That To Me One More Time.mp3";Do That To Me One More Time;Captain, Tennille;1980
"Jimmy Gilmer, The Fireballs - Sugar Shack.mp3";Sugar Shack;Jimmy Gilmer, The Fireballs;1963
"Kenny Loggins - Footloose.mp3";Footloose;Kenny Loggins;1984
"System Of A Down - Chop Suey!.mp3";Chop Suey!;System Of A Down;2001
"Carnage - I Like Tuh (feat. iLoveMakonnen).mp3";I Like Tuh (feat. iLoveMakonnen);Carnage;2015
"Kelly Clarkson - Since U Been Gone.mp3";Since U Been Gone;Kelly Clarkson;2005
"Herb Alpert, The Tijuana Brass - A Taste of Honey.mp3";A Taste of Honey;Herb Alpert, The Tijuana Brass;1965
"Ed Sheeran - Thinking Out Loud.mp3";Thinking Out Loud;Ed Sheeran;2014
"Queen - We Will Rock You.mp3";We Will Rock You;Queen;1977
"Coldplay - Viva La Vida.mp3";Viva La Vida;Coldplay;2008
"Chris Stapleton - Broken Halos.mp3";Broken Halos;Chris Stapleton;2017
"3 Doors Down - When I'm Gone.mp3";When I'm Gone;3 Doors Down;2003
"Santana, The Product GandB - Maria Maria.mp3";Maria Maria;Santana, The Product GandB;2000
"Jonny Lang - Signs.mp3";Signs;Jonny Lang;2017
"Electric Light Orchestra - Mr. Blue Sky.mp3";Mr. Blue Sky;Electric Light Orchestra;1977
"David Bowie - Fame.mp3";Fame;David Bowie;1975
"Sonny James - Young Love.mp3";Young Love;Sonny James;1957
"Metallica - Nothing Else Matters.mp3";Nothing Else Matters;Metallica;1991
"Tommy Dorsey, His Orchestra - There Are Such Things.mp3";There Are Such Things;Tommy Dorsey, His Orchestra;1942
"Four Knights - I Get So Lonely.mp3";I Get So Lonely;Four Knights;1954
"Toni Braxton - You're Makin' Me High - Let It Flow.mp3";You're Makin' Me High - Let It Flow;Toni Braxton;1996
"Earth, Wind, Fire - September.mp3";September;Earth, Wind, Fire;1978
"Jackson 5 - I'll Be There.mp3";I'll Be There;Jackson 5;1970
"Donna Summer - Bad Girls.mp3";Bad Girls;Donna Summer;1979
"Gr, Funk Railroad - The Loco-Motion.mp3";The Loco-Motion;Gr, Funk Railroad;1974
"Disturbed - The Sound of Silence.mp3";The Sound of Silence;Disturbed;2015
"Bangles - Walk Like An Egyptian.mp3";Walk Like An Egyptian;Bangles;1987
"Cupid - Cupid Shuffle.mp3";Cupid Shuffle;Cupid;2007
"Thomas Rhett - Unforgettable.mp3";Unforgettable;Thomas Rhett;2017
"Bebe Rexha, Florida Georgia Line - Meant to Be.mp3";Meant to Be;Bebe Rexha, Florida Georgia Line;2017
"Rihanna, Jay-Z - Umbrella.mp3";Umbrella;Rihanna, Jay-Z;2007
"The Weeknd - Party Monster.mp3";Party Monster;The Weeknd;2016
"Mike Posner - I Took A Pill In Ibiza.mp3";I Took A Pill In Ibiza;Mike Posner;2016
"Herman's Hermits - Can't You Hear My Heartbeat.mp3";Can't You Hear My Heartbeat;Herman's Hermits;1965
"Little Big Town - Better Man.mp3";Better Man;Little Big Town;2016
"The Glenn Miller Orchestra - Moonlight Cocktail.mp3";Moonlight Cocktail;The Glenn Miller Orchestra;1942
"The Mills Brothers - Paper Doll.mp3";Paper Doll;The Mills Brothers;1943
"Stick Figure - Weight of Sound (feat. TJ O'Neill).mp3";Weight of Sound (feat. TJ O'Neill);Stick Figure;2012
"Beth Hart - Fire on the Floor.mp3";Fire on the Floor;Beth Hart;2016
"Jason Derulo - In My Head.mp3";In My Head;Jason Derulo;2010
"fun. - Some Nights.mp3";Some Nights;fun.;2012
"Al Morgan - Jealous Heart.mp3";Jealous Heart;Al Morgan;1949
"Temptations - I Can't Get Next To You.mp3";I Can't Get Next To You;Temptations;1969
"Jo Stafford - You Belong To Me.mp3";You Belong To Me;Jo Stafford;1952
"Supremes - Where Did Our Love Go.mp3";Where Did Our Love Go;Supremes;1964
"Harmonicats - Peg O' My Heart.mp3";Peg O' My Heart;Harmonicats;1947
"Coolio - Gangsta's Paradise.mp3";Gangsta's Paradise;Coolio;1995
"Janet Jackson - That's The Way Love Goes.mp3";That's The Way Love Goes;Janet Jackson;1993
"Baauer - Harlem Shake.mp3";Harlem Shake;Baauer;2013
"Jennifer Lopez feat. Pitbull - On The Floor.mp3";On The Floor;Jennifer Lopez feat. Pitbull;2011
"Phil Collins - Another Day In Paradise.mp3";Another Day In Paradise;Phil Collins;1990
"Human League - Don't You Want Me.mp3";Don't You Want Me;Human League;1982
"Percy Faith - Theme From A Summer Place.mp3";"Theme From ""A Summer Place""";Percy Faith;1960
"Rebel Souljahz - Spaceship.mp3";Spaceship;Rebel Souljahz;2017
"Lulu - To Sir With Love.mp3";To Sir With Love;Lulu;1967
"Perry Como - Wanted.mp3";Wanted;Perry Como;1954
"Red Foley - Chattanoogie Shoe Shine Boy.mp3";Chattanoogie Shoe Shine Boy;Red Foley;1950
"Jimmy Dorsey, His Orchestra - The Breeze and I.mp3";The Breeze and I;Jimmy Dorsey, His Orchestra;1940
"Donna Lewis - I Love You Always Forever.mp3";I Love You Always Forever;Donna Lewis;1996
"Monica - Angel Of Mine.mp3";Angel Of Mine;Monica;1999
"Etta James - Stormy Weather.mp3";Stormy Weather;Etta James;1960
"Bing Crosby - Sunday, Monday or Always.mp3";Sunday, Monday or Always;Bing Crosby;1943
"Rod Stewart - Da Ya Think I'm Sexy.mp3";Da Ya Think I'm Sexy;Rod Stewart;1979
"Turtles - Happy Together.mp3";Happy Together;Turtles;1967
"Hot - Angel In Your Arms.mp3";Angel In Your Arms;Hot;1977
"Sam Cooke - Mean Old World.mp3";Mean Old World;Sam Cooke;1963
"Sly, The Family Stone - Everyday People.mp3";Everyday People;Sly, The Family Stone;1969
"Elton John - Candle In The Wind 1997 - Something About The Way You Look Tonight.mp3";Candle In The Wind 1997 - Something About The Way You Look Tonight;Elton John;1998
"Nat King Cole - Too Young.mp3";Too Young;Nat King Cole;1951
"matchbox twenty - Bent.mp3";Bent;matchbox twenty;2000
"Albert King - Born Under a Bad Sign.mp3";Born Under a Bad Sign;Albert King;1967
"Rod Stewart - Tonight's The Night (Gonna Be Alright).mp3";Tonight's The Night (Gonna Be Alright);Rod Stewart;1977
"Chris Janson - Fix a Drink.mp3";Fix a Drink;Chris Janson;2017
"Rusko - Woo Boost.mp3";Woo Boost;Rusko;2010
"Diana Ross - Touch Me In The Morning.mp3";Touch Me In The Morning;Diana Ross;1973
"LOCASH - Ring on Every Finger.mp3";Ring on Every Finger;LOCASH;2016
"Roberta Flack - The First Time Ever I Saw Your Face.mp3";The First Time Ever I Saw Your Face;Roberta Flack;1972
"Righteous Brothers - You've Lost That Lovin' Feelin'.mp3";You've Lost That Lovin' Feelin';Righteous Brothers;1965
"OneRepublic - Counting Stars.mp3";Counting Stars;OneRepublic;2014
"Bob Marley, The Wailers - One Love  People Get Ready.mp3";One Love People Get Ready;Bob Marley, The Wailers;1977
"J. Frank Wilson , The Cavaliers - Last Kiss.mp3";Last Kiss;J. Frank Wilson , The Cavaliers;1964
"Sixpence None The Richer - Kiss Me.mp3";Kiss Me;Sixpence None The Richer;1999
"Mario - Let Me Love You.mp3";Let Me Love You;Mario;2005
"Eddie Rabbitt - I Love A Rainy Night.mp3";I Love A Rainy Night;Eddie Rabbitt;1981
"Les Baxter - The Poor People Of Paris.mp3";The Poor People Of Paris;Les Baxter;1956
"Lukas Graham - 7 Years.mp3";7 Years;Lukas Graham;2016
"Maroon 5 - This Love.mp3";This Love;Maroon 5;2004
"Jimmy Dorsey, His Orchestra - Besame Mucho (Kiss Me Much).mp3";Besame Mucho (Kiss Me Much);Jimmy Dorsey, His Orchestra;1944
"Chris Lane - For Her.mp3";For Her;Chris Lane;2015
"Muddy Waters - Mannish Boy.mp3";Mannish Boy;Muddy Waters;1977
"Billy Idol - Cradle Of Love.mp3";Cradle Of Love;Billy Idol;1990
"Nelly Furtado, Timbaland - Promiscuous.mp3";Promiscuous;Nelly Furtado, Timbaland;2006
"Toto - Africa.mp3";Africa;Toto;1982
"Alicia Keys - If I Ain't Got You.mp3";If I Ain't Got You;Alicia Keys;2003
"Lizz Wright - Southern Nights.mp3";Southern Nights;Lizz Wright;2017
"Black Eyed Peas - Don't Phunk With My Heart.mp3";Don't Phunk With My Heart;Black Eyed Peas;2005
"Bruce Channel - Hey! Baby.mp3";Hey! Baby;Bruce Channel;1962
"Katy Perry, Juicy J - Dark Horse.mp3";Dark Horse;Katy Perry, Juicy J;2014
"Flo Rida - My House.mp3";My House;Flo Rida;2016
"Elton John - Philadelphia Freedom.mp3";Philadelphia Freedom;Elton John;1975
"TOKiMONSTA - Mileena's Theme.mp3";Mileena's Theme;TOKiMONSTA;2011
"Bill Withers - Lean On Me.mp3";Lean On Me;Bill Withers;1972
"John Cougar - Jack And Diane.mp3";Jack And Diane;John Cougar;1982
"Herb Alpert, The Tijuana Brass - The Lonely Bull (El Solo Toro).mp3";The Lonely Bull (El Solo Toro);Herb Alpert, The Tijuana Brass;1962
"Khalid - Young Dumb & Broke (Remix) [feat. Rae Sremmurd & Lil Yachty].mp3";Young Dumb & Broke (Remix) [feat. Rae Sremmurd & Lil Yachty];Khalid;2017
"B.B. King, U2 - When Love Comes to Town.mp3";When Love Comes to Town;B.B. King, U2;1998
"Gale Garnett - We'll Sing In The Sunshine.mp3";We'll Sing In The Sunshine;Gale Garnett;1964
"Robert Johnson - Cross Road Blues.mp3";Cross Road Blues;Robert Johnson;1990
"The Louisiana Blues Brothas - My Sidepiece (feat. Pokey & Major Clark Jr.).mp3";My Sidepiece (feat. Pokey & Major Clark Jr.);The Louisiana Blues Brothas;2014
"Fleetwood Mac - Landslide.mp3";Landslide;Fleetwood Mac;1975
"Mark Ronson - Uptown Funk (feat. Bruno Mars).mp3";Uptown Funk (feat. Bruno Mars);Mark Ronson;2014
"Lil Jon, The East Side Boyz feat. Ying Yang Twins - Get Low.mp3";Get Low;Lil Jon, The East Side Boyz feat. Ying Yang Twins;2003
"Chaka Demus, Pliers - Murder She Wrote.mp3";Murder She Wrote;Chaka Demus, Pliers;1987
"Florida Georgia Line - H.O.L.Y..mp3";H.O.L.Y.;Florida Georgia Line;2016
"LANCO - Greatest Love Story.mp3";Greatest Love Story;LANCO;2016
"Foo Fighters - Run.mp3";Run;Foo Fighters;2017
"Belinda Carlisle - Heaven Is A Place On Earth.mp3";Heaven Is A Place On Earth;Belinda Carlisle;1988
"Elvis Presley - All Shook Up.mp3";All Shook Up;Elvis Presley;1957
"Elvis Presley - Crying In The Chapel.mp3";Crying In The Chapel;Elvis Presley;1965
"Lynyrd Skynyrd - Sweet Home Alabama.mp3";Sweet Home Alabama;Lynyrd Skynyrd;1974
"Bonnie Tyler - Total Eclipse Of The Heart.mp3";Total Eclipse Of The Heart;Bonnie Tyler;1983
"Young Rascals - Groovin'.mp3";Groovin';Young Rascals;1967
"Chuck Berry - Route 66.mp3";Route 66;Chuck Berry;1958
"B.o.B feat. Bruno Mars - Nothin' On You.mp3";Nothin' On You;B.o.B feat. Bruno Mars;2010
"Ted Weems - Heartaches.mp3";Heartaches;Ted Weems;1947
"Russell Dickerson - Yours.mp3";Yours;Russell Dickerson;2016
"Julia Michaels - Issues.mp3";Issues;Julia Michaels;2017
"King Floyd - Groove Me.mp3";Groove Me;King Floyd;1994
"Jonny Lang - Make It Move.mp3";Make It Move;Jonny Lang;2017
"Donny Osmond - Go Away Little Girl.mp3";Go Away Little Girl;Donny Osmond;1971
"Justin Bieber - Sorry.mp3";Sorry;Justin Bieber;2016
"Tony Bennett - Cold, Cold Heart.mp3";Cold, Cold Heart;Tony Bennett;1951
"Usher, Lil Jon, Ludacris - Yeah!.mp3";Yeah!;Usher, Lil Jon, Ludacris;2004
"Paula Abdul - Cold Hearted.mp3";Cold Hearted;Paula Abdul;1989
"Bryan Adams, Rod Stewart , Sting - All For Love.mp3";All For Love;Bryan Adams, Rod Stewart , Sting;1994
"Maroon 5 - What Lovers Do (feat. SZA).mp3";What Lovers Do (feat. SZA);Maroon 5;2017
"Robert John - Sad Eyes.mp3";Sad Eyes;Robert John;1979
"Debbie Gibson - Lost In Your Eyes.mp3";Lost In Your Eyes;Debbie Gibson;1989
"Mr.Tac - Unforgettable (Drop-Zone Remix).mp3";Unforgettable (Drop-Zone Remix);Mr.Tac;2017
"INXS - Need You Tonight.mp3";Need You Tonight;INXS;1988
"En Vogue - Don't Let Go (Love).mp3";Don't Let Go (Love);En Vogue;1997
"Seth MacFarlane - Almost Like Being In Love.mp3";Almost Like Being In Love;Seth MacFarlane;2017
"Ray Stevens - The Streak.mp3";The Streak;Ray Stevens;1974
"Barbra Streisand - The Way We Were.mp3";The Way We Were;Barbra Streisand;1974
"Childish Gambino - Redbone.mp3";Redbone;Childish Gambino;2016
"SZA - The Weekend.mp3";The Weekend;SZA;2017
"Percy Faith - Song From Moulin Rouge.mp3";Song From Moulin Rouge;Percy Faith;1953
"Keith Urban - Blue Ain't Your Color.mp3";Blue Ain't Your Color;Keith Urban;2016
"Jewel - Foolish Games - You Were Meant For Me.mp3";Foolish Games / You Were Meant For Me;Jewel;1997
"Righteous Brothers - (You're My) Soul And Inspiration.mp3";(You're My) Soul And Inspiration;Righteous Brothers;1966
"Jon, Sondra Steele - My Happiness.mp3";My Happiness;Jon, Sondra Steele;1948
"TLC - Baby-Baby-Baby.mp3";Baby-Baby-Baby;TLC;1992
"Beach Boys - I Get Around.mp3";I Get Around;Beach Boys;1964
"Otis Redding - (Sittin' On) The Dock Of The Bay.mp3";(Sittin' On) The Dock Of The Bay;Otis Redding;1968
"Scott Bradlee's Postmodern Jukebox - Seven Nation Army (feat. Haley Reinhart).mp3";Seven Nation Army (feat. Haley Reinhart);Scott Bradlee's Postmodern Jukebox;2015
"Mitchell Ayres, His Fashions in Music - Make-Believe Island.mp3";Make-Believe Island;Mitchell Ayres, His Fashions in Music;1940
"Little Eva - The Loco-Motion.mp3";The Loco-Motion;Little Eva;1962
"Katy Perry, Snoop Dogg - California Gurls.mp3";California Gurls;Katy Perry, Snoop Dogg;2010
"Peggy Lee - Manana.mp3";Manana;Peggy Lee;1948
"Weeknd - Can't Feel My Face.mp3";Can't Feel My Face;Weeknd;2015
"Three Dog Night - Joy To The World.mp3";Joy To The World;Three Dog Night;1971
"Elton John - Bennie And The Jets.mp3";Bennie And The Jets;Elton John;1974
"James Ingram, Patti Austin, Quincy Jones - Baby, Come to Me.mp3";Baby, Come to Me;James Ingram, Patti Austin, Quincy Jones;1981
"Shelley Fabares - Johnny Angel.mp3";Johnny Angel;Shelley Fabares;1962
"Bing Crosby - Swinging on a Star.mp3";Swinging on a Star;Bing Crosby;1944
"Bell Biv Devoe - Poison.mp3";Poison;Bell Biv Devoe;1990
"Chubby Checker - Pony Time.mp3";Pony Time;Chubby Checker;1961
"Blake Shelton - I'll Name the Dogs.mp3";I'll Name the Dogs;Blake Shelton;2017
"Extreme - More Than Words.mp3";More Than Words;Extreme;1991
"Camila Cabello - Havana (feat. Young Thug).mp3";Havana (feat. Young Thug);Camila Cabello;2017
"Francis Craig - Near You.mp3";Near You;Francis Craig;1947
"Wayne Wonder - No Letting Go.mp3";No Letting Go;Wayne Wonder;2002
"Grover Washington, Jr. - Just the Two of Us (feat. Bill Withers).mp3";Just the Two of Us (feat. Bill Withers);Grover Washington, Jr.;1980
"Mariah Carey - Dreamlover.mp3";Dreamlover;Mariah Carey;1993
"Khalid - Young Dumb & Broke.mp3";Young Dumb & Broke;Khalid;2017
"Van Morrison - Transformation.mp3";Transformation;Van Morrison;2017
"Scott Bradlee's Postmodern Jukebox - Creep (feat. Haley Reinhart).mp3";Creep (feat. Haley Reinhart);Scott Bradlee's Postmodern Jukebox;2015
"Monkees - Last Train To Clarksville.mp3";Last Train To Clarksville;Monkees;1966
"Toni Braxton - Un-Break My Heart.mp3";Un-Break My Heart;Toni Braxton;1997
"Faith Hill - Breathe.mp3";Breathe;Faith Hill;2000
"Pink Floyd - Wish You Were Here.mp3";Wish You Were Here;Pink Floyd;1975
"Hailee Steinfeld, Alesso - Let Me Go (feat. Florida Georgia Line & watt).mp3";Let Me Go (feat. Florida Georgia Line & watt);Hailee Steinfeld, Alesso;2017
"Missy Elliott feat. Ciara, Fat Man Scoop - Lose Control.mp3";Lose Control;Missy Elliott feat. Ciara, Fat Man Scoop;2005
"Perez Prado - Cherry Pink And Apple Blossom White.mp3";Cherry Pink And Apple Blossom White;Perez Prado;1955
"Rihanna, Drake - Work.mp3";Work;Rihanna, Drake;2016
"Beatles - I Want To Hold Your Hand.mp3";I Want To Hold Your Hand;Beatles;1964
"Quincy Jones - Just Once.mp3";Just Once;Quincy Jones;1981
"Kris Kross - Jump.mp3";Jump;Kris Kross;1992
"Shakira, Wyclef Jean - Hips Don't Lie.mp3";Hips Don't Lie;Shakira, Wyclef Jean;2006
"John Denver - Thank God I'm A Country Boy.mp3";Thank God I'm A Country Boy;John Denver;1975
"Johnny Mercer - Personality.mp3";Personality;Johnny Mercer;1946
"Johnnie Taylor - Soul Heaven.mp3";Soul Heaven;Johnnie Taylor;1999
"Leon Bridges - River.mp3";River;Leon Bridges;2015
"Mark Ronson, Bruno Mars - Uptown Funk!.mp3";Uptown Funk!;Mark Ronson, Bruno Mars;2015
"Sia feat. Sean Paul - Cheap Thrills.mp3";Cheap Thrills;Sia feat. Sean Paul;2016
"Lloyd Price - Personality.mp3";Personality;Lloyd Price;1959
"Florida Georgia Line - Smooth.mp3";Smooth;Florida Georgia Line;2016
"Kane Brown - What Ifs (feat. Lauren Alaina).mp3";What Ifs (feat. Lauren Alaina);Kane Brown;2016
"Impressions - It's All Right.mp3";It's All Right;Impressions;1963
"Van Morrison - Bring It On Home To Me.mp3";Bring It On Home To Me;Van Morrison;2017
"Herb Alpert - Rise.mp3";Rise;Herb Alpert;1979
"Les Brown, His Orchestra - Sentimental Journey.mp3";Sentimental Journey;Les Brown, His Orchestra;1945
"3 Doors Down - Here Without You.mp3";Here Without You;3 Doors Down;2004
"Thomas Rhett - Die a Happy Man.mp3";Die a Happy Man;Thomas Rhett;2015
"Susan Tedeschi - Angel from Montgomery (Live).mp3";Angel from Montgomery (Live);Susan Tedeschi;2004
"Hugo Montenegro - The Good, The Bad And The Ugly.mp3";The Good, The Bad And The Ugly;Hugo Montenegro;1968
"Paul McCartney, Stevie Wonder - Ebony And Ivory.mp3";Ebony And Ivory;Paul McCartney, Stevie Wonder;1982
"Trombone Shorty - Here Come the Girls.mp3";Here Come the Girls;Trombone Shorty;2017
"Pussycat Dolls feat. Snoop Dogg - Buttons.mp3";Buttons;Pussycat Dolls feat. Snoop Dogg;2006
"Everly Brothers - Cathy's Clown.mp3";Cathy's Clown;Everly Brothers;1960
"Lady Antebellum - You Look Good.mp3";You Look Good;Lady Antebellum;2017
"Love Unlimited Orchestra - Love's Theme.mp3";Love's Theme;Love Unlimited Orchestra;1974
"Shai - If I Ever Fall In Love.mp3";If I Ever Fall In Love;Shai;1993
"The Glenn Miller Orchestra - When You Wish upon a Star.mp3";When You Wish upon a Star;The Glenn Miller Orchestra;1940
"Bing Crosby , The ,rews Sisters - South America, Take It Away.mp3";South America, Take It Away;Bing Crosby , The ,rews Sisters;1946
"Song Spinners - Comin' in on a Wing and a Prayer.mp3";Comin' in on a Wing and a Prayer;Song Spinners;1943
"Diamonds - Little Darlin'.mp3";Little Darlin';Diamonds;1957
"Mama's , The Papa's - California Dreamin'.mp3";California Dreamin';Mama's , The Papa's;1966
"Donna Summer - Hot Stuff.mp3";Hot Stuff;Donna Summer;1979
"Sammy Kaye , Don Cornell - It Isn't Fair.mp3";It Isn't Fair;Sammy Kaye , Don Cornell;1950
"Nat King Cole - L-O-V-E.mp3";L-O-V-E;Nat King Cole;2008
"Wham! - Careless Whisper.mp3";Careless Whisper;Wham!;1985
"Jason Aldean - They Don't Know.mp3";They Don't Know;Jason Aldean;2016
"Queen, David Bowie - Under Pressure.mp3";Under Pressure;Queen, David Bowie;1981
"Dee Clark - Raindrops.mp3";Raindrops;Dee Clark;1961
"Elvis Presley - Heartbreak Hotel.mp3";Heartbreak Hotel;Elvis Presley;1956
"Lorde - Royals.mp3";Royals;Lorde;2013
"Gary Wright - Love Is Alive.mp3";Love Is Alive;Gary Wright;1976
"Mac Davis - Baby Don't Get Hooked On Me.mp3";Baby Don't Get Hooked On Me;Mac Davis;1972
"Mariah Carey, Boyz II Men - One Sweet Day.mp3";One Sweet Day;Mariah Carey, Boyz II Men;1996
"Gogi Grant - The Wayward Wind.mp3";The Wayward Wind;Gogi Grant;1956
"Puff Daddy, Faith Evans - I'll Be Missing You.mp3";I'll Be Missing You;Puff Daddy, Faith Evans;1997
"Beyonce - Irreplaceable.mp3";Irreplaceable;Beyonce;2007
"Luke Combs - When It Rains It Pours.mp3";When It Rains It Pours;Luke Combs;2016
"Knack - My Sharona.mp3";My Sharona;Knack;1979
"Milli Vanilli - Girl You Know It's True.mp3";Girl You Know It's True;Milli Vanilli;1989
"Cascades - Rhythm Of The Rain.mp3";Rhythm Of The Rain;Cascades;1963
"Billy Currington - Do I Make You Wanna.mp3";Do I Make You Wanna;Billy Currington;2015
"Vybz Kartel - Fever.mp3";Fever;Vybz Kartel;2016
"Mary J. Blige - Be Without You.mp3";Be Without You;Mary J. Blige;2006
"Bob Marley, The Wailers - I Shot the Sheriff.mp3";I Shot the Sheriff;Bob Marley, The Wailers;1973
"NEEDTOBREATHE - Hard Love (feat. Lauren Daigle).mp3";Hard Love (feat. Lauren Daigle);NEEDTOBREATHE;2017
"Chicago - Look Away.mp3";Look Away;Chicago;1989
"Weavers - On Top Of Old Smoky.mp3";On Top Of Old Smoky;Weavers;1951
"Carpenters - (They Long To Be) Close To You.mp3";(They Long To Be) Close To You;Carpenters;1970
"Tony Rich Project - Nobody Knows.mp3";Nobody Knows;Tony Rich Project;1996
"Elvis Presley - Hound Dog.mp3";Hound Dog;Elvis Presley;1956
"Nico, Vinz - Am I Wrong.mp3";Am I Wrong;Nico, Vinz;2014
"B.B. King, Eric Clapton - Riding With the King.mp3";Riding With the King;B.B. King, Eric Clapton;2000
"Mario Lanza - Be My Love.mp3";Be My Love;Mario Lanza;1951
"Tony Bennett - (I Left My Heart) In San Francisco.mp3";(I Left My Heart) In San Francisco;Tony Bennett;1962
"Patti Page - Doggie In The Window.mp3";Doggie In The Window;Patti Page;1953
"Fleetwoods - Mr. Blue.mp3";Mr. Blue;Fleetwoods;1959
"Whitney Houston - I Wanna Dance With Somebody (Who Loves Me).mp3";I Wanna Dance With Somebody (Who Loves Me);Whitney Houston;1987
"Kenny Wayne Shepherd Band - Nothing But the Night.mp3";Nothing But the Night;Kenny Wayne Shepherd Band;2017
"Iration - Fly with Me.mp3";Fly with Me;Iration;2017
"Demi Lovato - Sorry Not Sorry.mp3";Sorry Not Sorry;Demi Lovato;2017
"Everly Brothers - All I Have To Do Is Dream  Claudette.mp3";All I Have To Do Is Dream / Claudette;Everly Brothers;1958
"Ken Griffin , Jerry Wayne - You Can't Be True, Dear.mp3";You Can't Be True, Dear;Ken Griffin , Jerry Wayne;1948
"Whitney Houston - I Will Always Love You.mp3";I Will Always Love You;Whitney Houston;1993
"Gregory Porter - Insanity (feat. Lalah Hathaway).mp3";Insanity (feat. Lalah Hathaway);Gregory Porter;2016
"Fray - You Found Me.mp3";You Found Me;Fray;2009
"Labrinth - Misbehaving.mp3";Misbehaving;Labrinth;2017
"Jim Reeves - He'll Have To Go.mp3";He'll Have To Go;Jim Reeves;1960
"Hozier - Take Me To Church.mp3";Take Me To Church;Hozier;2015
"Christina Aguilera - Genie In A Bottle.mp3";Genie In A Bottle;Christina Aguilera;1999
"Simon , Garfunkel - Mrs. Robinson.mp3";Mrs. Robinson;Simon , Garfunkel;1968
"Kid Rock - Tennessee Mountain Top.mp3";Tennessee Mountain Top;Kid Rock;2017
"Rihanna - S&M.mp3";S&M;Rihanna;2011
"Foster The People - Pumped Up Kicks.mp3";Pumped Up Kicks;Foster The People;2011
"Olivia Newton-John - Physical.mp3";Physical;Olivia Newton-John;1982
"Daniel Powter - Bad Day.mp3";Bad Day;Daniel Powter;2006
"Real McCoy - Another Night.mp3";Another Night;Real McCoy;1995
"Flume - Never Be Like You (feat. Kai).mp3";Never Be Like You (feat. Kai);Flume;2016
"Damian Marley, Nas - Patience.mp3";Patience;Damian Marley, Nas;2010
"Pitbull, Ne-Yo, Afrojack, Nayer - Give Me Everything.mp3";Give Me Everything;Pitbull, Ne-Yo, Afrojack, Nayer;2011
"Mr. Acker Bilk - Stranger On The Shore.mp3";Stranger On The Shore;Mr. Acker Bilk;1962
"Billy Vaughn - Sail Along Silvery Moon - Raunchy.mp3";Sail Along Silvery Moon - Raunchy;Billy Vaughn;1958
"Jive Five - My True Story.mp3";My True Story;Jive Five;1961
"Beatles - Hey Jude.mp3";Hey Jude;Beatles;1968
"Amy Grant - Baby, Baby.mp3";Baby, Baby;Amy Grant;1991
"Jon Secada - Just Another Day.mp3";Just Another Day;Jon Secada;1992
"Joe Bonamassa - Slow Train.mp3";Slow Train;Joe Bonamassa;2011
"Usher, will.i.am - OMG.mp3";OMG;Usher, will.i.am;2010
"Toni Braxton - He Wasn't Man Enough.mp3";He Wasn't Man Enough;Toni Braxton;2000
"Bruno Mars - Versace On The Floor.mp3";Versace On The Floor;Bruno Mars;2016
"Paul Mauriat - Love Is Blue.mp3";Love Is Blue;Paul Mauriat;1968
"Tank - When We.mp3";When We;Tank;2017
"Jessie Reyez - Figures.mp3";Figures;Jessie Reyez;2016
"50 Cent - Disco Inferno.mp3";Disco Inferno;50 Cent;2005
"Bing Crosby - I'll Be Seeing You.mp3";I'll Be Seeing You;Bing Crosby;1944
"Katy Perry - Firework.mp3";Firework;Katy Perry;2011
"Gwen Stefani - Hollaback Girl.mp3";Hollaback Girl;Gwen Stefani;2005
"Dorothy Moore - Misty Blue.mp3";Misty Blue;Dorothy Moore;1976
"Paul McCartney, Wings - My Love.mp3";My Love;Paul McCartney, Wings;1973
"Paula Abdul - Straight Up.mp3";Straight Up;Paula Abdul;1989
"Evelyn Knight - A Little Bird Told Me.mp3";A Little Bird Told Me;Evelyn Knight;1949
"Pitbull feat. Kesha - Timber.mp3";Timber;Pitbull feat. Kesha;2014
"Elvis Presley - Can't Help Falling In Love.mp3";Can't Help Falling In Love;Elvis Presley;1961
"Lionel Richie - Say You, Say Me.mp3";Say You, Say Me;Lionel Richie;1986
"Les Paul, Mary Ford - Vaya Con Dios.mp3";Vaya Con Dios;Les Paul, Mary Ford;1953
"Joe Dowell - Wooden Heart (Muss I Denn).mp3";Wooden Heart (Muss I Denn);Joe Dowell;1961
"Sam Hunt - Body Like a Back Road.mp3";Body Like a Back Road;Sam Hunt;2017
"Patsy Cline - I Fall To Pieces.mp3";I Fall To Pieces;Patsy Cline;1961
"twenty one pilots - Stressed Out.mp3";Stressed Out;twenty one pilots;2016
"The Ink Spots, Ella Fitzgerald - I'm Making Believe.mp3";I'm Making Believe;The Ink Spots, Ella Fitzgerald;1944
"Tommy Dorsey, His Orchestra - I'll Never Smile Again.mp3";I'll Never Smile Again;Tommy Dorsey, His Orchestra;1940
"J Boog - Let's Do It Again.mp3";Let's Do It Again;J Boog;2011
"Enrique Iglesias feat. Pitbull - I Like It.mp3";I Like It;Enrique Iglesias feat. Pitbull;2010
