File Name;Song Title;Author;Gender
"Afrojack - Take Over Control (feat. Eva Simons).mp3";Take Over Control (feat. Eva Simons);Afrojack;m
"Taylor Swift, Gary Lightbody - The Last Time.mp3";The Last Time;Taylor Swift, Gary Lightbody;M+F
"Whitney Houston - Saving All My Love for You.mp3";Saving All My Love for You ;Whitney Houston;F
"Britney Spears - Till the World Ends.mp3";Till the World Ends;Britney Spears;f
"NICKI MINAJ - STARSHIPS.mp3";STARSHIPS;NICKI MINAJ;F
"Blaque - Bring It All to Me.mp3";Bring It All to Me;Blaque;F+
"The Louisiana Blues Brothas - My Sidepiece (feat. Pokey & Major Clark Jr.).mp3";My Sidepiece (feat. Pokey & Major Clark Jr.);The Louisiana Blues Brothas;m+
"Bob Marley, The Wailers - Jamming.mp3";Jamming;Bob Marley, The Wailers;m+
"blackbear - do re mi (feat. Gucci Mane).mp3";do re mi (feat. Gucci Mane);blackbear;m
"Whitney Houston - I Believe in You and Me.mp3";I Believe in You and Me ;Whitney Houston;F
"The Ronettes - Be My Baby.mp3";Be My Baby;The Ronettes;F+
"Taylor Swift - Tied Together with a Smile.mp3";Tied Together with a Smile;Taylor Swift;F
"TNGHT - Higher Ground.mp3";Higher Ground;TNGHT;m+
"Damian Marley, Nas - Patience.mp3";Patience;Damian Marley, Nas;m+
"Martha, Vandellas - Jimmy Mack.mp3";Jimmy Mack;Martha, Vandellas;F+
"Imagine Dragons - Round and Round.mp3";Round and Round;Imagine Dragons;M+F
"Ben Folds - You Don't Know Me - featuring Regina Spektor - Explicit Album Version.mp3";You Don't Know Me - featuring Regina Spektor - Explicit Album Version;Ben Folds;M+F
"Miguel - Sky Walker (feat. Travis Scott).mp3";Sky Walker (feat. Travis Scott);Miguel;m
"CHERYL COLE - FIGHT FOR THIS LOVE.mp3";FIGHT FOR THIS LOVE;CHERYL COLE;F
"The Chainsmokers - Memories...Do Not Open.mp3";Memories...Do Not Open;The Chainsmokers;M+
"P!nk - What About Us (Cash Cash Remix).mp3";What About Us (Cash Cash Remix);P!nk;f
"Kansas - Carry On Wayward Son.mp3";Carry On Wayward Son;Kansas;m+
"Dixie Cups - People Say.mp3";People Say;Dixie Cups;F+
"Common Kings - Take Her.mp3";Take Her;Common Kings;m+
"Jonny Lang - Make It Move.mp3";Make It Move;Jonny Lang;m
"Walter Trout - We're All In This Together (feat. Joe Bonamassa).mp3";We're All In This Together (feat. Joe Bonamassa);Walter Trout;m
"Demi Lovato - Sorry Not Sorry.mp3";Sorry Not Sorry;Demi Lovato;f
"Expose - Airwave (Phil York Remix).mp3";Airwave (Phil York Remix);Exposé;F+
"The Pussycat Dolls - Don't Cha.mp3";Don't Cha;The Pussycat Dolls;F+
"He Loves U Not - Dream.mp3";Dream;He Loves U Not;F+
"Whitney Houston - Try It on My Own.mp3";Try It on My Own;Whitney Houston;F
"Eric B., Rakim - Paid in Full.mp3";Paid in Full;Eric B., Rakim;m+
"The Weeknd - Starboy (feat. Daft Punk).mp3";Starboy (feat. Daft Punk);The Weeknd;m
"Brad Paisley, Demi Lavoto - Without a Fight.mp3";Without a Fight;Brad Paisley, Demi Lavoto;M+F
"ALL SAINTS - NEVER EVER.mp3";NEVER EVER;ALL SAINTS;F
"Avicii - Levels.mp3";Levels;Avicii;m
"BTS - Pied Piper.mp3";Pied Piper;BTS;m+
"Imagine Dragons - Monster.mp3";Monster;Imagine Dragons;M+F
"Taylor Swift - Bad Blood.mp3";Bad Blood;Taylor Swift;F
"Little Mix - Black Magic.mp3";Black Magic;Little Mix;F+
"Whitney Houston - I'm Every Woman.mp3";I'm Every Woman ;Whitney Houston;F
"Madeon - Finale.mp3";Finale;Madeon;m
"DONNA SUMMER - I FEEL LOVE.mp3";I FEEL LOVE;DONNA SUMMER;F
"Porter Robinson - Sad Machine.mp3";Sad Machine;Porter Robinson;m
"Expose - Point Of No Return (Extended Version).mp3";Point Of No Return (Extended Version);Exposé;F+
"Louis Armstrong, Ella Fitzgerald - Summertime.mp3";Summertime;Louis Armstrong, Ella Fitzgerald;M+F
"Whitney Houston - I Will Always Love You.mp3";I Will Always Love You ;Whitney Houston;F
"The Moldy Peaches - Anyone Else But You.mp3";Anyone Else But You;The Moldy Peaches;M+F
"Whitney Houston - I Know Him So Well (& Cissy Houston).mp3";I Know Him So Well (& Cissy Houston) ;Whitney Houston;F
"Whitney Houston - All the Man That I Need.mp3";All the Man That I Need ;Whitney Houston;F
"The Civil Wars - Falling.mp3";Falling;The Civil Wars;M+F
"Rustie - First Mythz.mp3";First Mythz;Rustie;m
"Queen - We Will Rock You.mp3";We Will Rock You;Queen;m+
"Whitney Houston - When You Believe (& Mariah Carey).mp3";When You Believe (& Mariah Carey) ;Whitney Houston;F
"BTS - dimple.mp3";dimple;BTS;m+
"The Chainsmokers - New York City.mp3";New York City;The Chainsmokers;M+
"Dorothy Moore - Misty Blue.mp3";Misty Blue;Dorothy Moore;f
"L.A.X. Gurlz - Forget You.mp3";Forget You;L.A.X. Gurlz;F+
"Foo Fighters - The Sky Is A Neighborhood.mp3";The Sky Is A Neighborhood;Foo Fighters;m+
"Ed Sheeran - Shape of You.mp3";Shape of You;Ed Sheeran;m
"Quincy Jones - Sanford and Son Theme (The Streetbeater).mp3";Sanford and Son Theme (The Streetbeater);Quincy Jones;m
"Tammy Wynette, George Jones - Golden Ring.mp3";Golden Ring;Tammy Wynette, George Jones;M+F
"Edward Sharpe, The Magnetic Zeros - Home.mp3";Home;Edward Sharpe, The Magnetic Zeros;M+F
"Shaggy - Boombastic.mp3";Boombastic;Shaggy;m
"ADELE - MAKE YOU FEEL MY LOVE.mp3";MAKE YOU FEEL MY LOVE;ADELE;F
"The Crystals - Da Doo Ron Ron.mp3";Da Doo Ron Ron;The Crystals;F+
"The Marvelettes - Please Mr. Postman.mp3";Please Mr. Postman;The Marvelettes;F+
"The Chainsmokers - All We Know.mp3";All We Know;The Chainsmokers;M+
"Inner Circle - Sweat (A La La La La Long).mp3";Sweat (A La La La La Long);Inner Circle;m+
"The Bloody Beetroots - Warp 1.9 (feat. Steve Aoki).mp3";Warp 1.9 (feat. Steve Aoki);The Bloody Beetroots;m+
"Expose - Come Go With Me.mp3";Come Go With Me;Exposé;F+
"Destiny's Child - Say My Name.mp3";Say My Name;Destiny's Child;F+
"Mary Jane Girls - All Night Long.mp3";All Night Long;Mary Jane Girls;F+
"Krewella - Enjoy the Ride.mp3";Enjoy the Ride;Krewella;f+
"Snow Patrol, Martha Wainwright - Set The Fire To The Third Bar.mp3";Set The Fire To The Third Bar;Snow Patrol, Martha Wainwright;M+F
"Blake Shelton, Ashley Monroe - Lonely Tonight.mp3";Lonely Tonight;Blake Shelton, Ashley Monroe;M+F
"LL Cool J - Rock the Bells.mp3";Rock the Bells;LL Cool J;m
"B'Witched - C'est La Vie.mp3";C'EST LA VIE;B'WITCHED;F
"Old Dominion - No Such Thing as a Broken Heart.mp3";No Such Thing as a Broken Heart;Old Dominion;m+
"En Vogue - Free Your Mind.mp3";Free Your Mind;En Vogue;F+
"Expose - Touch and Go.mp3";Touch and Go;Exposé;F+
"Imagine Dragons - Nothing Left to Say - Rocks.mp3";Nothing Left to Say / Rocks;Imagine Dragons;M+F
"Whitney Houston - Jesus Loves Me.mp3";Jesus Loves Me ;Whitney Houston;F
"The Chainsmokers - Bloodstream.mp3";Bloodstream;The Chainsmokers;M+
"Disturbed - The Sound of Silence.mp3";The Sound of Silence;Disturbed;m+
"John Coltrane, Duke Ellington - In a Sentimental Mood.mp3";In a Sentimental Mood;John Coltrane, Duke Ellington;m+
"Taylor Swift - Shake It Off.mp3";Shake It Off;Taylor Swift;F
"Kavinsky - Nightcall.mp3";Nightcall;Kavinsky;M+F
"Miranda Lambert - Tin Man.mp3";Tin Man;Miranda Lambert;f
"Bananarama - Robert De Niro's Waiting - Talking Italian.mp3";Robert De Niro's Waiting - Talking Italian;Bananarama;F+
"Cashmere Cat - Mirror Maru.mp3";Mirror Maru;Cashmere Cat;f
"Bryson Tiller - Run Me Dry.mp3";Run Me Dry;Bryson Tiller;m
"Evanescence - Bring Me To Life.mp3";Bring Me To Life;Evanescence;M+F
"Yellowcard - Hang You Up - Acoustic.mp3";Hang You Up - Acoustic;Yellowcard;M+F
"Expose - Point Of No Return (Remix).mp3";Point Of No Return (Remix);Exposé;F+
"The Tammys - Egyptian Shumba.mp3";Egyptian Shumba;The Tammys;F+
"Xscape - Who Can I Run To.mp3";Who Can I Run To;Xscape;F+
"Brett Young - In Case You Didn't Know.mp3";In Case You Didn't Know;Brett Young;m
"Grandmaster Flash, the Furious Five - The Message.mp3";The Message;Grandmaster Flash, the Furious Five;m+
"Sister Nancy - Bam Bam.mp3";Bam Bam;Sister Nancy;f
"EPMD - Strictly Business.mp3";Strictly Business;EPMD;m+
"Sam Hunt - Body Like a Back Road.mp3";Body Like a Back Road;Sam Hunt;m
"BTS - MIC Drop.mp3";MIC Drop;BTS;m+
"One Direction - Best Song Ever.mp3";Best Song Ever;One Direction;M+F
"The Three Degrees - When Will I See You Again.mp3";When Will I See You Again;The Three Degrees;F+
"The Shangri-Las - Leader of the Pack.mp3";Leader of the Pack;The Shangri-Las;F+
"The Chiffons - He's So Fine.mp3";He's So Fine;The Chiffons;F+
"Nat King Cole - When I Fall In Love.mp3";When I Fall In Love;Nat King Cole;m
"blackbear - do re mi.mp3";do re mi;blackbear;m
"Taylor Swift - Gorgeous.mp3";Gorgeous;Taylor Swift;F
"Whitney Houston - Could I Have This Kiss Forever (& Enrique Iglesias).mp3";Could I Have This Kiss Forever (& Enrique Iglesias) ;Whitney Houston;F
"George Benson - On Broadway.mp3";On Broadway;George Benson;m
"Eric B., Rakim - I Know You Got Soul.mp3";I Know You Got Soul;Eric B., Rakim;m+
"The Chainsmokers - Until You Were Gone.mp3";Until You Were Gone;The Chainsmokers;M+
"Charlie Puth - Attention.mp3";Attention;Charlie Puth;m
"Expose - I Think I'm in Trouble.mp3";I Think I'm in Trouble;Exposé;F+
"Usher - Yeah! (feat. Lil Jon & Ludacris).mp3";Yeah! (feat. Lil Jon & Ludacris);Usher;m
"Clint Black, Trisha Yearwood - When I Said I do.mp3";When I Said I do;Clint Black, Trisha Yearwood;M+F
"The Supremes - Stop! In the Name of Love.mp3";Stop! In the Name of Love;The Supremes;F+
"Sean Paul - No Lie (feat. Dua Lipa).mp3";No Lie (feat. Dua Lipa);Sean Paul;m
"Conway Twitty, Loretta Lyn - Louisiana Woman, Mississippi Man.mp3";Louisiana Woman, Mississippi Man;Conway Twitty, Loretta Lyn;M+F
"Lady Antebellum - Need You Now.mp3";Need You Now;Lady Antebellum;M+F
"Canned Heat - Let's Work Together.mp3";Let's Work Together;Canned Heat;m+
"Frank Sinatra - Young At Heart.mp3";Young At Heart;Frank Sinatra;m
"Taylor Swift - Blank Space.mp3";Blank Space;Taylor Swift;F
"N.W.A - Straight Outta Compton.mp3";Straight Outta Compton;N.W.A;m+
"Richgirl - He Ain't Wit Me Now.mp3";He Ain't Wit Me Now;Richgirl;F+
"Expose - Your Baby Never Looked Good In Blue.mp3";Your Baby Never Looked Good In Blue;Exposé;F+
"SPICE GIRLS - 2 BECOME 1.mp3";2 BECOME 1;SPICE GIRLS;F
"The Shangri-Las - Remember - Walking in the Sand.mp3";Remember - Walking in the Sand;The Shangri-Las;F+
"MARIAH CAREY - ALL I WANT FOR CHRISTMAS IS YOU.mp3";ALL I WANT FOR CHRISTMAS IS YOU;MARIAH CAREY;F
"The Crystals - Then He Kissed Me.mp3";Then He Kissed Me;The Crystals;F+
"Pete Yorn, Scarlett Johansson - Wear and Tear.mp3";Wear and Tear;Pete Yorn, Scarlett Johansson;M+F
"The Jaynetts - Sally Go 'Round the Roses.mp3";Sally Go 'Round the Roses;The Jaynetts;F+
"The Submarines - Birds.mp3";Birds;The Submarines;M+F
"Whitney Houston - Love Will Save the Day.mp3";Love Will Save the Day ;Whitney Houston;F
"He Is We, Owl City - All About Us.mp3";All About Us;He Is We, Owl City;M+F
"B.B. King - The Thrill Is Gone (1969 Single Version).mp3";The Thrill Is Gone (1969 Single Version);B.B. King;m
"The Angels - My Boyfriend's Back.mp3";My Boyfriend's Back;The Angels;F+
"Train, Ashley Monroe - Bruises.mp3";Bruises;Train, Ashley Monroe;M+F
"LEONA LEWIS - A MOMENT LIKE THIS.mp3";A MOMENT LIKE THIS;LEONA LEWIS;F
"Etta James - At Last (Single Version).mp3";At Last (Single Version);Etta James;f
"One Direction - I SHOULD HAVE KISSED YOU.mp3";I SHOULD HAVE KISSED YOU;One Direction;M+F
"Expose - Give Me All Your Love.mp3";Give Me All Your Love;Exposé;F+
"The Chainsmokers - Until You Were Gone - Boehm Remix.mp3";Until You Were Gone - Boehm Remix;The Chainsmokers;M+
"Luke Bryan - Light It Up.mp3";Light It Up;Luke Bryan;m
"Dustin Lynch - Small Town Boy.mp3";Small Town Boy;Dustin Lynch;m
"Kenny Rodgers, Dolly Parton - Islands in the Stream.mp3";Islands in the Stream;Kenny Rodgers, Dolly Parton;M+F
"Midland - Drinkin' Problem.mp3";Drinkin' Problem;Midland;m+
"Play - I Must Not Chase the Boys.mp3";I Must Not Chase the Boys;Play;F+
"The Chainsmokers - #Selfie.mp3";#Selfie;The Chainsmokers;M+
"Imagine Dragons - Believer.mp3";Believer;Imagine Dragons;M+F
"Sweet Sensation - If Wishes Came True.mp3";If Wishes Came True;Sweet Sensation;F+
"CHRISTINA PERRI - JAR OF HEARTS.mp3";JAR OF HEARTS;CHRISTINA PERRI;F
"First Aid Kit - King of the World.mp3";King of the World;First Aid Kit;M+F
"JULIE COVINGTON - DON'T CRY FOR ME ARGENTINA.mp3";DON'T CRY FOR ME ARGENTINA;JULIE COVINGTON;F
"Taylor Swift - You Belong With Me.mp3";You Belong With Me;Taylor Swift;F
"Imagine Dragons - Every Night.mp3";Every Night;Imagine Dragons;M+F
"One Direction - GOTTA BE YOU.mp3";GOTTA BE YOU;One Direction;M+F
"All That Remains - The Thunder Rolls (Cover).mp3";The Thunder Rolls (Cover);All That Remains;M+F
"ADELE - SOMEONE LIKE YOU.mp3";SOMEONE LIKE YOU;ADELE;F
"Jessie Reyez - Figures.mp3";Figures;Jessie Reyez;f
"Miles Davis - So What.mp3";So What;Miles Davis;m
"We Are The In Crowd - Both Sides Of The Story.mp3";Both Sides Of The Story;We Are The In Crowd;M+F
"SZA - Love Galore (feat. Travis Scott).mp3";Love Galore (feat. Travis Scott);SZA;f
"Kesha - Praying.mp3";Praying;Kesha;f
"Run-DMC - Sucker M.C.'s.mp3";Sucker M.C.'s;Run-DMC;m+
"Common Kings - Cali Girl (feat. Don Corleon).mp3";Cali Girl (feat. Don Corleon);Common Kings;m+
"Craig Mack, Rampage, the Notorious B.I.G., LL Cool J, Busta Rhymes - Flava in Ya Ear (Remix).mp3";Flava in Ya Ear (Remix);Craig Mack, Rampage,  the Notorious B.I.G.,   LL Cool J,  Busta Rhymes;m+
"Whitney Houston - Didn't We Almost Have It All.mp3";Didn't We Almost Have It All ;Whitney Houston;F
"Etta James - At Last.mp3";At Last;Etta James;f
"Bob Marley, The Wailers - Redemption Song.mp3";Redemption Song;Bob Marley, The Wailers;m+
"The Chainsmokers - Setting Fires.mp3";Setting Fires;The Chainsmokers;M+
"Justice - D.A.N.C.E..mp3";D.A.N.C.E.;Justice;m+
"Joe Bonamassa, Beth Hart - I'd Rather Go Blind.mp3";I'd Rather Go Blind;Joe Bonamassa, Beth Hart;M+F
"Imagine Dragons - I Bet My Life.mp3";I Bet My Life;Imagine Dragons;M+F
"Justin Bieber, BloodPop - Friends.mp3";Friends;Justin Bieber, BloodPop®;m+
"Dillon Francis, Diplo - Que Que (feat. Maluca).mp3";Que Que (feat. Maluca);Dillon Francis, Diplo;m+
"ATOMIC KITTEN - WHOLE AGAIN.mp3";WHOLE AGAIN;ATOMIC KITTEN;F
"Camila Cabello - Havana (feat. Young Thug).mp3";Havana (feat. Young Thug);Camila Cabello;f
"Whitney Houston - So Emotional.mp3";So Emotional ;Whitney Houston;F
"Kelly Clarkson - Love So Soft.mp3";Love So Soft;Kelly Clarkson;f
"Pete Rock, C.L. Smooth - They Reminisce Over You (T.R.O.Y.).mp3";They Reminisce Over You (T.R.O.Y.);Pete Rock, C.L. Smooth;m+
"Walter Trout - Gonna Hurt Like Hell (feat. Kenny Wayne Shepherd).mp3";Gonna Hurt Like Hell (feat. Kenny Wayne Shepherd);Walter Trout;m
"One Direction - WHAT MAKES YOU BEAUTIFUL.mp3";WHAT MAKES YOU BEAUTIFUL;One Direction;M+F
"Spice Girls - Spice Up Your Life.mp3";Spice Up Your Life;Spice Girls;F+
"Vybz Kartel - Fever.mp3";Fever;Vybz Kartel;m
"Shaggy - Angel (feat. Rayvon).mp3";Angel (feat. Rayvon);Shaggy;m
"LANCO - Greatest Love Story.mp3";Greatest Love Story;LANCO;m+
"Vanity 6 - Nasty Girl.mp3";Nasty Girl;Vanity 6;F+
"Khalid - Another Sad Love Song.mp3";Another Sad Love Song;Khalid;m
"Taylor Swift - Dear John.mp3";Dear John;Taylor Swift;F
"Expose - Come Go With Me (1987).mp3";Come Go With Me (1987);Exposé;F+
"Wilson Phillips - Impulsive.mp3";Impulsive;Wilson Phillips;F+
"Khalid - Location.mp3";Location;Khalid;m
"Taylor Swift - Last Kiss.mp3";Last Kiss;Taylor Swift;F
"Imagine Dragons - Shots.mp3";Shots;Imagine Dragons;M+F
"Taylor Swift - We Are Never Ever Getting Back Together.mp3";We Are Never Ever Getting Back Together;Taylor Swift;F
"Fleetwood Mac - The Chain.mp3";The Chain;Fleetwood Mac;M+F
"The All-American Rejects - Another Heart Calls.mp3";Another Heart Calls;The All-American Rejects;M+F
"Dierks Bentley, Elle King - Different for Girls.mp3";Different for Girls;Dierks Bentley, Elle King;M+F
"Swimming With Dolphins - Holiday.mp3";Holiday;Swimming With Dolphins;M+F
"Prophets of Rage - Living on the 110.mp3";Living on the 110;Prophets of Rage;m+
"Eagles - Hotel California.mp3";Hotel California;Eagles;m+
"Imagine Dragons - Battle Cry.mp3";Battle Cry;Imagine Dragons;M+F
"RIHANNA - ONLY GIRL - IN THE WORLD.mp3";ONLY GIRL - IN THE WORLD;RIHANNA;F
"Brett Young - Like I Loved You.mp3";Like I Loved You;Brett Young;m
"King Floyd - Groove Me.mp3";Groove Me;King Floyd;m
"The Chainsmokers - The One.mp3";The One;The Chainsmokers;M+
"GLORIA GAYNOR - I WILL SURVIVE.mp3";I WILL SURVIVE;GLORIA GAYNOR;F
"Destiny's Child - Independent Women - Part I.mp3";Independent Women - Part I;Destiny's Child;F+
"Taylor Swift - White Horse.mp3";White Horse;Taylor Swift;F
"R.L. Burnside - Someday Baby.mp3";Someday Baby;R.L. Burnside;m
"44 - Make You Smile.mp3";Make You Smile;44;M+F
"Expose - Come Go With Me (Extended Mix).mp3";Come Go With Me (Extended Mix);Exposé;F+
"LL Cool J - Mama Said Knock You Out.mp3";Mama Said Knock You Out;LL Cool J;m
"The Chainsmokers - Don't Let Me Down.mp3";Don't Let Me Down;The Chainsmokers;M+
"Kane Brown - Found You.mp3";Found You;Kane Brown;m
"Coldplay, Rihanna - Princess of China.mp3";Princess of China;Coldplay, Rihanna;M+F
"Taylor Swift - New Romantics.mp3";New Romantics;Taylor Swift;F
"Geto Boys - Mind Playing Tricks on Me.mp3";Mind Playing Tricks on Me;Geto Boys;m+
"Little Big Town - When Someone Stops Loving You.mp3";When Someone Stops Loving You;Little Big Town;M+F
"The Pointer Sisters - I'm So Excited.mp3";I'm So Excited;The Pointer Sisters;F+
"The Crystals - He's a Rebel.mp3";He's a Rebel;The Crystals;F+
"SPICE GIRLS - WANNABE.mp3";WANNABE;SPICE GIRLS;F
"Billie Holiday - I'll Be Seeing You.mp3";I'll Be Seeing You;Billie Holiday;f
"Expose - Seasons Change.mp3";Seasons Change;Exposé;F+
"Thomas Rhett - Unforgettable.mp3";Unforgettable;Thomas Rhett;m
"Wu-Tang Clan - C.R.E.A.M..mp3";C.R.E.A.M.;Wu-Tang Clan;m+
"Kenny Chesney - All the Pretty Girls.mp3";All the Pretty Girls;Kenny Chesney;m
"Daniel Caesar - Best Part (feat. H.E.R.).mp3";Best Part (feat. H.E.R.);Daniel Caesar;m
"The Notorious B.I.G. - Hypnotize.mp3";Hypnotize;The Notorious B.I.G.;m
"deadmau5 - Raise Your Weapon.mp3";Raise Your Weapon;deadmau5;m
"CHER - BELIEVE.mp3";BELIEVE;CHER;F
"The Cover Girls - Show Me.mp3";Show Me;The Cover Girls;F+
"Expose - You Don't Know What You Got.mp3";You Don't Know What You Got;Exposé;F+
"Shawn Mendes - There's Nothing Holdin' Me Back.mp3";There's Nothing Holdin' Me Back;Shawn Mendes;m
"Expose - Tell Me Why.mp3";Tell Me Why;Exposé;F+
"Imagine Dragons - Radioactive.mp3";Radioactive;Imagine Dragons;M+F
"George Benson - Breezin'.mp3";Breezin';George Benson;m
"Taylor Swift - Welcome to New York.mp3";Welcome to New York;Taylor Swift;F
"Taylor Swift - Better Than Revenge.mp3";Better Than Revenge;Taylor Swift;F
"Imagine Dragons - Warriors.mp3";Warriors;Imagine Dragons;M+F
"Eden's Crush - Get Over Yourself.mp3";Get Over Yourself;Eden's Crush;F+
"50 Cent - In Da Club.mp3";In Da Club;50 Cent;m
"Taylor Swift - All You Had to Do Was Stay.mp3";All You Had to Do Was Stay;Taylor Swift;F
"Susan Tedeschi - Angel from Montgomery (Live).mp3";Angel from Montgomery (Live);Susan Tedeschi;f
"Klymaxx - Meeting in the Ladies' Room.mp3";Meeting in the Ladies' Room;Klymaxx;F+
"BTS - Best of Me.mp3";Best of Me;BTS;m+
"Lil Jon - Outta Your Mind (feat. LMFAO).mp3";Outta Your Mind (feat. LMFAO);Lil Jon;m
"Damian Jr. Gong Marley - Medication (feat. Stephen Marley).mp3";Medication (feat. Stephen Marley);"Damian ""Jr. Gong"" Marley";m
"Nothing More - Go to War.mp3";Go to War;Nothing More;m+
"Taylor Swift - ...Ready For It .mp3";...Ready For It?;Taylor Swift;f
"Taylor Swift - Haunted.mp3";Haunted;Taylor Swift;F
"Chris Brown - Questions.mp3";Questions;Chris Brown;m
"Whitney Houston - One Moment in Time.mp3";One Moment in Time ;Whitney Houston;F
"Kranium - We Can (feat. Tory Lanez).mp3";We Can (feat. Tory Lanez);Kranium;m
"Herb Alpert, The Tijuana Brass - Spanish Flea.mp3";Spanish Flea;Herb Alpert, The Tijuana Brass;f+
"The Blossoms - That's When the Tears Start.mp3";That's When the Tears Start;The Blossoms;F+
"Journey - Don't Stop Believin'.mp3";Don't Stop Believin';Journey;m+
"The Civil Wars - I've Got This Friend.mp3";I’ve Got This Friend;The Civil Wars;M+F
"The Pussycat Dolls - Stickwitu.mp3";Stickwitu;The Pussycat Dolls;F+
"Whitney Houston - Greatest Love of All.mp3";Greatest Love of All ;Whitney Houston;F
"UB40 - Red Red Wine (12'' Version).mp3";Red Red Wine (12'' Version);UB40;m+
"Doug E. Fresh, Slick Rick - La-Di-Da-Di.mp3";La-Di-Da-Di;Doug E. Fresh, Slick Rick;m+
"Shaggy - Angel.mp3";Angel;Shaggy;m
"Avril Lavigne, Chad Kroeger - Let Me Go.mp3";Let Me Go;Avril Lavigne, Chad Kroeger;M+F
"Queen - Bohemian Rhapsody.mp3";Bohemian Rhapsody;Queen;m+
"Marilyn Manson - WE KNOW WHERE YOU FUCKING LIVE.mp3";WE KNOW WHERE YOU FUCKING LIVE;Marilyn Manson;m
"The Chainsmokers - Wake Up Alone.mp3";Wake Up Alone;The Chainsmokers;M+
"Taylor Swift - Wildest Dreams.mp3";Wildest Dreams;Taylor Swift;F
"Owl City, Carly Rae Jepsen - Good Time.mp3";Good Time;Owl City, Carly Rae Jepsen;M+F
"Expose - when i looked at him.mp3";when i looked at him;Exposé;F+
"The Chainsmokers - Break Up Every Night.mp3";Break Up Every Night;The Chainsmokers;M+
"Taylor Swift - Look What You Made Me Do.mp3";Look What You Made Me Do;Taylor Swift;f
"LADY GAGA - BAD ROMANCE.mp3";BAD ROMANCE;LADY GAGA;F
"Tim McGraw, Taylor Swift - Highway Dont Care.mp3";Highway Don’t Care;Tim McGraw, Taylor Swift;M+F
"Brothers Osborne - It Ain't My Fault.mp3";It Ain't My Fault;Brothers Osborne;m+
"Taylor Swift - Love Story.mp3";Love Story;Taylor Swift;F
"Canned Heat - On the Road Again.mp3";On the Road Again;Canned Heat;m+
"Brownstone - If You Love Me.mp3";If You Love Me;Brownstone;F+
"Sam Smith - Too Good at Goodbyes.mp3";Too Good at Goodbyes;Sam Smith;m
"Yoav - Where Is My Mind.mp3";Where Is My Mind;Yoav;M+F
"Luke Combs - Hurricane.mp3";Hurricane;Luke Combs;m
"Destiny's Child - Survivor.mp3";Survivor;Destiny's Child;F+
"Of Monsters, Men - Mountain Sound.mp3";Mountain Sound;Of Monsters, Men;M+F
"Seth MacFarlane - If I Had a Talking Picture of You (feat. Norah Jones).mp3";If I Had a Talking Picture of You (feat. Norah Jones);Seth MacFarlane;m
"Toto - Africa.mp3";Africa;Toto;m+
"Luke Combs - When It Rains It Pours.mp3";When It Rains It Pours;Luke Combs;m
"The Emotions - Best of My Love.mp3";Best of My Love;The Emotions;F+
"G.R.L - Ugly Heart.mp3";Ugly Heart;G.R.L;F+
"The Chantels - Maybe.mp3";Maybe;The Chantels;F+
"John Lee Hooker - Boom Boom.mp3";Boom Boom;John Lee Hooker;m
"Khalid - 8TEEN.mp3";8TEEN;Khalid;m
"The Supremes - Love Is Like an Itching in My Heart.mp3";Love Is Like an Itching in My Heart;The Supremes;F+
"John Legend - All of Me.mp3";All of Me;John Legend;m
"The Chainsmokers - Last Day Alive.mp3";Last Day Alive;The Chainsmokers;M+
"Expose - Exposed to Love.mp3";Exposed to Love;Exposé;F+
"Rob Base, DJ E-Z Rock - It Takes Two.mp3";It Takes Two;Rob Base, DJ E-Z Rock;m+
"ZAYN - Dusk Till Dawn (feat. Sia).mp3";Dusk Till Dawn (feat. Sia);ZAYN;m
"One Direction - ANOTHER WORLD.mp3";ANOTHER WORLD;One Direction;M+F
"Kenny Wayne Shepherd Band - Baby Got Gone.mp3";Baby Got Gone;Kenny Wayne Shepherd Band;m
"Bananarama - Cruel Summer.mp3";Cruel Summer;Bananarama;F+
"Whitney Houston - I Have Nothing.mp3";I Have Nothing ;Whitney Houston;F
"The Chainsmokers - Let You Go - Mix Show Edit.mp3";Let You Go - Mix Show Edit;The Chainsmokers;M+
"Chris Stapleton - Broken Halos.mp3";Broken Halos;Chris Stapleton;m
"SZA - The Weekend.mp3";The Weekend;SZA;f
"Public Enemy - Rebel Without a Pause.mp3";Rebel Without a Pause;Public Enemy;m+
"Kid Rock - Picture (feat. Sheryl Crow).mp3";Picture (feat. Sheryl Crow);Kid Rock;m+
"Thompson Square - Are You Gonna Kiss Me or Not.mp3";Are You Gonna Kiss Me or Not;Thompson Square;M+F
"Expose - What You Don't Know.mp3";What You Don't Know;Exposé;F+
"RIHANNA - DIAMONDS.mp3";DIAMONDS;RIHANNA;F
"Canned Heat - Goin' Up the Country.mp3";Goin' Up the Country;Canned Heat;m+
"Expose - Blue Accident.mp3";Blue Accident;Exposé;F+
"One Direction - Diana.mp3";Diana;One Direction;M+F
"KYLIE MINOGUE - CAN'T GET YOU OUT OF MY HEAD.mp3";CAN'T GET YOU OUT OF MY HEAD;KYLIE MINOGUE;F
"Whitney Houston - All at Once.mp3";All at Once ;Whitney Houston;F
"Quincy Jones - Just Once.mp3";Just Once;Quincy Jones;m
"Wayne Wonder - No Letting Go.mp3";No Letting Go;Wayne Wonder;m
"Little Mix - Move.mp3";Move;Little Mix;F+
"Bob Marley, The Wailers - Could You Be Loved.mp3";Could You Be Loved;Bob Marley, The Wailers;m+
"U2 - You’re the Best Thing About Me.mp3";You’re the Best Thing About Me;U2;m+
"Greta Van Fleet - Highway Tune.mp3";Highway Tune;Greta Van Fleet;m+
"Shaggy - It Wasn't Me (feat. Ricardo Ducent).mp3";It Wasn't Me (feat. Ricardo Ducent);Shaggy;m
"Nero - Dark Skies.mp3";Dark Skies;Nero;M+F
"3LW - Playas Gon' Play.mp3";Playas Gon' Play;3LW;F+
"Stars - Your Ex-Lover Is Dead.mp3";Your Ex-Lover Is Dead;Stars;M+F
"JENNIFER RUSH - THE POWER OF LOVE.mp3";THE POWER OF LOVE;JENNIFER RUSH;F
"Theory of a Deadman - Rx.mp3";Rx;Theory of a Deadman;m+
"Flipsyde, Piper - Happy Birthday.mp3";Happy Birthday;Flipsyde, Piper;M+F
"Sleepy Tom, Anna Lunoe - Pusher.mp3";Pusher;Sleepy Tom, Anna Lunoe;M+F
"Dixie Cups - Chapel of Love.mp3";Chapel of Love;Dixie Cups;F+
"Wilson Phillips - Hold On.mp3";Hold On;Wilson Phillips;F+
"The Weeknd - I Feel It Coming (feat. Daft Punk).mp3";I Feel It Coming (feat. Daft Punk);The Weeknd;m
"Oh Honey - Healing.mp3";Healing;Oh Honey;M+F
"2Pac - Dear Mama.mp3";Dear Mama;2Pac;m
"The Chainsmokers - Closer (feat. Halsey).mp3";Closer (feat. Halsey);The Chainsmokers;m+
"Lights, Owl City - Cactus In The Valley - feat. Owl City.mp3";Cactus In The Valley - feat. Owl City;Lights, Owl City;M+F
"LADY GAGA - JUST DANCE.mp3";JUST DANCE;LADY GAGA;F
"Magnet - Lay Lady Lay.mp3";Lay Lady Lay;Magnet;M+F
"CELINE DION - THINK TWICE.mp3";THINK TWICE;CELINE DION;F
"Keith Urban - The Fighter (feat. Carrie Underwood).mp3";The Fighter (feat. Carrie Underwood);Keith Urban;m
"Taylor Swift - Our Song.mp3";Our Song;Taylor Swift;F
"AC DC - Thunderstruck.mp3";Thunderstruck;AC DC;m+
"NATALIE IMBRUGLIA - TORN.mp3";TORN;NATALIE IMBRUGLIA;F
"Whitney Houston - Run to You.mp3";Run to You ;Whitney Houston;F
"Expose - Complicated Mind.mp3";Complicated Mind;Exposé;F+
"Run-DMC - Peter Piper.mp3";Peter Piper;Run-DMC;m+
"Gregory Porter - Insanity (feat. Lalah Hathaway).mp3";Insanity (feat. Lalah Hathaway);Gregory Porter;m
"The Supremes - You Can't Hurry Love.mp3";You Can't Hurry Love;The Supremes;F+
"Big Daddy Kane - Ain't No Half-Steppin'.mp3";Ain't No Half-Steppin';Big Daddy Kane;m
"Expose - Seven Cities.mp3";Seven Cities;Exposé;F+
"Sister Sledge - We Are Family.mp3";We Are Family;Sister Sledge;F+
"Imagine Dragons - Bleeding Out.mp3";Bleeding Out;Imagine Dragons;M+F
"SWV - Right Here - Human Nature Remix.mp3";Right Here - Human Nature Remix;SWV;F+
"Jack U - Where Are U Now (feat. Justin Bieber).mp3";Where Are U Now (feat. Justin Bieber);Jack U;m+
"KATY PERRY - ROAR.mp3";ROAR;KATY PERRY;F
"Kenny Rogers, Dolly Parton - You Can't Make Old Friends.mp3";You Can’t Make Old Friends;Kenny Rogers, Dolly Parton;M+F
"Whitney Houston - My Love Is Your Love.mp3";My Love Is Your Love ;Whitney Houston;F
"The Weeknd - Can’t Feel My Face.mp3";Can't Feel My Face;The Weeknd;m
"Expose - I Specialize in Love.mp3";I Specialize in Love;Exposé;F+
"Kid Cudi - Pursuit Of Happiness (Steve Aoki Remix).mp3";Pursuit Of Happiness (Steve Aoki Remix);Kid Cudi;m
"Taylor Swift - Mine.mp3";Mine;Taylor Swift;F
"Dua Lipa - New Rules.mp3";New Rules;Dua Lipa;f
"Tim McGraw, Faith Hill - Meanwhile Back at Mama's.mp3";Meanwhile Back at Mama's;Tim McGraw, Faith Hill;M+F
"Artist Vs Poet - Kids Again.mp3";Kids Again;Artist Vs Poet;M+F
"The Chainsmokers - Something Just Like This.mp3";Something Just Like This;The Chainsmokers;M+
"Taylor Swift - Fifteen.mp3";Fifteen;Taylor Swift;F
"BTS - Go Go.mp3";Go Go;BTS;m+
"N.W.A - Fuck tha Police.mp3";Fuck tha Police;N.W.A;m+
"Total, The Notorious B.I.G. - Can't You See.mp3";Can't You See;Total, The Notorious B.I.G.;F+
"Simple Plan, Natasha Bedingfield - Jet Lag - feat. Natasha Bedingfield.mp3";Jet Lag - feat. Natasha Bedingfield;Simple Plan, Natasha Bedingfield;M+F
"The Chainsmokers - My Type.mp3";My Type;The Chainsmokers;M+
"Imagine Dragons - Gold.mp3";Gold;Imagine Dragons;M+F
"Aaron Neville - Tell It Like It Is.mp3";Tell It Like It Is;Aaron Neville;m
"Jon Pardi - Heartache on the Dance Floor.mp3";Heartache on the Dance Floor;Jon Pardi;m
"The Exciters - Tell Him.mp3";Tell Him;The Exciters;F+
"Expose - Face To Face.mp3";Face To Face;Exposé;F+
"Imagine Dragons - Amsterdam.mp3";Amsterdam;Imagine Dragons;M+F
"Johnny Cash, June Carter Cash - It Ain't Me Babe.mp3";It Ain’t Me Babe;Johnny Cash, June Carter Cash;M+F
"The Notorious B.I.G. - Juicy.mp3";Juicy;The Notorious B.I.G.;m
"The Blues Brothers - Soul Man.mp3";Soul Man;The Blues Brothers;m+
"Etta James - A Sunday Kind of Love.mp3";A Sunday Kind of Love;Etta James;f
"Sister Sledge - He's the Greatest Dancer.mp3";He's the Greatest Dancer;Sister Sledge;F+
"Thomas Rhett - Marry Me.mp3";Marry Me;Thomas Rhett;m
"The Cake - Baby That's Me.mp3";Baby That's Me;The Cake;F+
"Taylor Swift - Sweeter Than Fiction.mp3";Sweeter Than Fiction;Taylor Swift;F
"Joe Bonamassa, Beth Hart - I'll Take Care of You.mp3";I'll Take Care of You;Joe Bonamassa, Beth Hart;M+F
"Keb' Mo' - Life Is Beautiful.mp3";Life Is Beautiful;Keb' Mo';m
"Danity Kane - Damaged.mp3";Damaged;Danity Kane;F+
"Shirley Gunter, the Queens - Oop Shoop.mp3";Oop Shoop;Shirley Gunter, the Queens;F+
"Damian Jr. Gong Marley - Welcome to Jamrock.mp3";Welcome to Jamrock;"Damian ""Jr. Gong"" Marley";m
"LADY GAGA - POKER FACE.mp3";POKER FACE;LADY GAGA;F
"Joe Bonamassa - Drive.mp3";Drive;Joe Bonamassa;m
"Bob Marley, The Wailers - Buffalo Soldier.mp3";Buffalo Soldier;Bob Marley, The Wailers;m+
"Chris Brown - Privacy.mp3";Privacy;Chris Brown;m
"KATY PERRY - FIREWORK.mp3";FIREWORK;KATY PERRY;F
"Beastie Boys - Paul Revere.mp3";Paul Revere;Beastie Boys;m+
"BRITNEY SPEARS - ...BABY ONE MORE TIME.mp3";...BABY ONE MORE TIME;BRITNEY SPEARS;F
"Popcaan - El Chapo.mp3";El Chapo;Popcaan;m
"David Guetta - Without You (feat. Usher).mp3";Without You (feat. Usher);David Guetta;m
"Mindi Abair, the Boneshakers - Pretty Good for a Girl (feat. Joe Bonamassa).mp3";Pretty Good for a Girl (feat. Joe Bonamassa);Mindi Abair, the Boneshakers;M+F
"Owl City - Honey And The Bee.mp3";Honey And The Bee;Owl City;M+F
"Whitney Houston - Until You Come Back.mp3";Until You Come Back ;Whitney Houston;F
"Striking Matches - When the Right One Comes Along.mp3";When the Right One Comes Along;Striking Matches;M+F
"Florida Georgia Line - Smooth.mp3";Smooth;Florida Georgia Line;m+
"Bob Marley, The Wailers - Is This Love.mp3";Is This Love;Bob Marley, The Wailers;m+
"Chairlift - Bruises.mp3";Bruises;Chairlift;M+F
"Garrett Hedlund, Leighton Meester - Give in to Me.mp3";Give in to Me;Garrett Hedlund, Leighton Meester;M+F
"Trisha Yearwood, Don Henley - Walkaway Joe.mp3";Walkaway Joe;Trisha Yearwood, Don Henley;M+F
"Nick Jonas - Find You.mp3";Find You;Nick Jonas;m
"Girls Aloud - Love Machine.mp3";Love Machine;Girls Aloud;F+
"Ky-Mani Marley, Yanique 'Curvy Diva' - Turn Your Lights Down Low.mp3";Turn Your Lights Down Low;Ky-Mani Marley, Yanique 'Curvy Diva';M+F
"AC DC - Back In Black.mp3";Back In Black;AC DC;m+
"Foo Fighters - Run.mp3";Run;Foo Fighters;m+
"CELINE DION - MY HEART WILL GO ON.mp3";MY HEART WILL GO ON;CELINE DION;F
"Calvin Harris, Rihanna - We Found Love.mp3";We Found Love;Calvin Harris, Rihanna;M+F
"Pete Yorn, Scarlett Johansson - Relator.mp3";Relator;Pete Yorn, Scarlett Johansson;M+F
"TLC - Creep.mp3";Creep;TLC;F+
"Imagine Dragons - It's Time.mp3";It's Time;Imagine Dragons;M+F
"The Chainsmokers - Roses.mp3";Roses;The Chainsmokers;M+
"The Chainsmokers - Closer.mp3";Closer;The Chainsmokers;M+
"Lizz Wright - Southern Nights.mp3";Southern Nights;Lizz Wright;f
"Van Morrison - Bring It On Home To Me.mp3";Bring It On Home To Me;Van Morrison;m
"Bob Marley, The Wailers - No Woman, No Cry (Live 1975).mp3";No Woman, No Cry (Live 1975);Bob Marley, The Wailers;m+
"One Direction - A.M..mp3";A.M.;One Direction;M+
"Isobel Campbell, Mark Lanegan - The False Husband.mp3";The False Husband;Isobel Campbell, Mark Lanegan;M+F
"Labrinth, Emeli Sande - Beneath Your Beautiful.mp3";Beneath Your Beautiful;Labrinth, Emeli Sande;M+F
"The Ikettes - I'm Blue - The Gong-Gong Song.mp3";I'm Blue - The Gong-Gong Song;The Ikettes;F+
"Luis Fonsi, Daddy Yankee - Despacito (feat. Justin Bieber) [Remix].mp3";Despacito (feat. Justin Bieber) [Remix];Luis Fonsi, Daddy Yankee;m+
"NEEDTOBREATHE - Hard Love (feat. Lauren Daigle).mp3";Hard Love (feat. Lauren Daigle);NEEDTOBREATHE;m+
"The Weeknd - The Hills.mp3";The Hills;The Weeknd;m
"Whitney Houston - Exhale (Shoop Shoop).mp3";Exhale (Shoop Shoop) ;Whitney Houston;F
"Joe Bonamassa - Get Back My Tomorrow (Live).mp3";Get Back My Tomorrow (Live);Joe Bonamassa;m
"Whitney Houston - I Love the Lord.mp3";I Love the Lord ;Whitney Houston;F
"Imagine Dragons - Hear Me.mp3";Hear Me;Imagine Dragons;M+F
"Public Enemy - Fight the Power.mp3";Fight the Power;Public Enemy;m+
"Jason Isbell, Amanda Shires - Mutineer.mp3";Mutineer;Jason Isbell, Amanda Shires;M+F
"SPICE GIRLS - SAY YOU'LL BE THERE.mp3";SAY YOU'LL BE THERE;SPICE GIRLS;F
"Scott Bradlee's Postmodern Jukebox - Seven Nation Army (feat. Haley Reinhart).mp3";Seven Nation Army (feat. Haley Reinhart);Scott Bradlee's Postmodern Jukebox;M+F
"Blake Shelton - I'll Name the Dogs.mp3";I'll Name the Dogs;Blake Shelton;m
"Expose - Point Of No Return.mp3";Point Of No Return;Exposé;F+
"The Bobbettes - Mr. Lee.mp3";Mr. Lee;The Bobbettes;F+
"Girls Aloud - Biology.mp3";Biology;Girls Aloud;F+
"Stevie Wonder - As.mp3";As;Stevie Wonder;m
"Keith Urban, Miranda Lambert - We Were Us.mp3";We Were Us;Keith Urban, Miranda Lambert;M+F
"The Chainsmokers - Don't Say.mp3";Don't Say;The Chainsmokers;M+
"Major Lazer - Pon De Floor (feat. Vybz Kartel).mp3";Pon De Floor (feat. Vybz Kartel);Major Lazer;m+
"Kenny Chesney, Pink - Setting the World On Fire.mp3";Setting the World On Fire;Kenny Chesney, Pink;M+F
"Taylor Swift - The Outside.mp3";The Outside;Taylor Swift;F
"Fifth Harmony, Ty Dolla $ign - Work From Home.mp3";Work From Home;Fifth Harmony, Ty Dolla $ign;F+
"Whitney Houston - I Learned from the Best.mp3";I Learned from the Best ;Whitney Houston;F
"Taylor Swift - I Don't Wanna Live Forever.mp3";I Don't Wanna Live Forever;Taylor Swift;F
"The Supremes - Where Did Our Love Go.mp3";Where Did Our Love Go;The Supremes;F+
"Sugarhill Gang - Rapper's Delight.mp3";Rapper's Delight;Sugarhill Gang;m+
"Imagine Dragons - Demons.mp3";Demons;Imagine Dragons;M+F
"Walker Hayes - You Broke Up with Me.mp3";You Broke Up with Me;Walker Hayes;m
"Taylor Swift - Cold as You.mp3";Cold as You;Taylor Swift;F
"Chris Janson - Fix a Drink.mp3";Fix a Drink;Chris Janson;m
"Thomas Rhett - Craving You (feat. Maren Morris).mp3";Craving You (feat. Maren Morris);Thomas Rhett;m
"Carly Pearce - Every Little Thing.mp3";Every Little Thing;Carly Pearce;f
"Highly Suspect - Little One.mp3";Little One;Highly Suspect;m+
"ALEXANDRA BURKE - HALLELUJAH.mp3";HALLELUJAH;ALEXANDRA BURKE;F
"Imagine Dragons - Ready Aim Fire.mp3";Ready Aim Fire;Imagine Dragons;M+F
"Matisyahu - One Day.mp3";One Day;Matisyahu;m
"The Pipettes - Pull Shapes.mp3";Pull Shapes;The Pipettes;F+
"WHIGFIELD - SATURDAY NIGHT.mp3";SATURDAY NIGHT;WHIGFIELD;F
"The Shirelles - Will You Love Me Tomorrow.mp3";Will You Love Me Tomorrow;The Shirelles;F+
"Maroon 5 - What Lovers Do (feat. SZA).mp3";What Lovers Do (feat. SZA);Maroon 5;m+
"The xx - Crystalised.mp3";Crystalised;The xx;M+F
"Expose - I'll Never Get Over You (Getting Over Me).mp3";I'll Never Get Over You (Getting Over Me);Exposé;F+
"Dr. Dre, Snoop Doggy Dogg - Nuthin' but a 'G' Thang.mp3";Nuthin' but a 'G' Thang;Dr. Dre, Snoop Doggy Dogg;m+
"Jade - Don't Walk Away.mp3";Don't Walk Away;Jade;F+
"Tim McGraw, Faith Hill - I Need You.mp3";I Need You;Tim McGraw, Faith Hill;M+F
"Skrillex - Scary Monsters and Nice Sprites.mp3";Scary Monsters and Nice Sprites;Skrillex;m
"Owl City - The Saltwater Room.mp3";The Saltwater Room;Owl City;M+F
"A Day To Remember - If It Means a Lot to You.mp3";If It Means a Lot to You;A Day To Remember;M+F
"Scott Joplin - The Entertainer.mp3";The Entertainer;Scott Joplin;m
"Maren Morris - I Could Use a Love Song.mp3";I Could Use a Love Song;Maren Morris;f
"Inner Circle - Bad Boys (Theme from COPS).mp3";Bad Boys (Theme from COPS);Inner Circle;m+
"Childish Gambino - Redbone.mp3";Redbone;Childish Gambino;m
"Herb Alpert, The Tijuana Brass - The Lonely Bull (El Solo Toro).mp3";The Lonely Bull (El Solo Toro);Herb Alpert, The Tijuana Brass;f+
"David Frizzell, Shelly West - You're The Reason God Made Oklahoma.mp3";You're The Reason God Made Oklahoma;David Frizzell, Shelly West;M+F
"Toni Braxton - Deadwood.mp3";Deadwood;Toni Braxton;f
"Bob Marley, The Wailers - Three Little Birds.mp3";Three Little Birds;Bob Marley, The Wailers;m+
"The Chainsmokers - Paris.mp3";Paris;The Chainsmokers;M+
"Whitney Houston - It's Not Right, But It's OK.mp3";It's Not Right, But It's OK ;Whitney Houston;F
"Montgomery Gentry - Better Me.mp3";Better Me;Montgomery Gentry;m+
"BTS - DNA.mp3";DNA;BTS;m+
"Jonny Lang - Lie to Me.mp3";Lie to Me;Jonny Lang;m
"LEONA LEWIS - BLEEDING LOVE.mp3";BLEEDING LOVE;LEONA LEWIS;F
"Sean Paul - Tek Weh Yuh Heart (Audio) ft.mp3";Sean Paul - Tek Weh Yuh Heart (Audio) ft.mp3";Sean Paul;m
